ean;sku;manufacturer;title;stock;price
0088381775700;DDF489Z_MAK;Makita;Akumuliatorinis suktuvas-gręžtuvas MAKITA DDF489Z;4;238.95
4058546375638;4933479769_MIL;Milwaukee;Led prožektorius MILWAUKEE L4 TMLED-301 1100lm;4;143.61
4058546290009;4932471372_MIL;Milwaukee Accessories;Geležtės MILWAUKEE M18 BLTRC, 2vnt.;4;113.8
045242567676;48899395_MIL;Milwaukee Accessories;Pakopinis grąžtas MILWAUKEE AlCrN 6-35mm;4;227.62
0088381889629;DDF485RT_MAK;Makita;Akumuliatorinis gręžtuvas MAKITA DDF485RT;4;273.09
4058546346959;4933478502_MIL;Milwaukee;Akumuliatorinis perforatorius MILWAUKEE M18 ONEFHX-0;4;519.36
0088381768603;GA5092X01+_MAK;Makita;Kampinis šlifuoklis MAKITA GA5092X01 su priedais;4;259.44
4007220071182;22000016_PFE;Pferd;Frezavimo plokštelių rinkinys PFERD EF-WSP-F Inox, 3vnt.;4;118.14
0088381775601;DHP489Z_MAK;Makita;Akumuliatorinis smūginis gręžtuvas MAKITA DHP489Z;4;250.32
3165140869126;0601069L00_bos;Bosch;Lazerio spindulio imtuvas/gaudyklė BOSCH LR45;4;299.88
0088381768351;GA5090X01+_MAK;Makita;Kampinis šlifuoklis MAKITA GA5090X01 su priedais;4;270.8
4059952569246;0615990M0P_bos;Bosch;Akumuliatorinių įrankių rinkinys BOSCH GSR+GBH;4;545.97
0088381780384;DJV185Z_MAK;Makita;Akumuliatorinis siaurapjūklis MAKITA DJV185Z;4;225.3
0088381779883;DHR183Z_MAK;Makita;Akumuliatorinis perforatorius MAKITA DHR183Z;4;270.8
0088381896764;HR3012FCJ_MAK;Makita;Perforatorius MAKITA HR3012FCJ;4;559.63
4058546409081;4932480623_MIL;Milwaukee;Lentyna sandėliavimo sistemai MILWAUKEE Packout;4;244.51
0088381870627;DUC305Z_MAK;Makita;Akumuliatorinis grandininis pjūklas MAKITA DUC305Z;4;419.87
3165140662468;0601063800_bos;Bosch;Lazerinis nivelyras BOSCH GLL 3-50;4;369.26
3165140803236;0601076800_bos;Bosch;Elektroninis gulsčiukas BOSCH GIM120;4;238.73
3165140583138;0601061600_bos;Bosch;Rotacinis lazerinis nivelyras BOSCH GRL 250 HV RC1;4;693.84
4058546418885;4933492521_MIL;Milwaukee;Akumuliatorinių suktuvų rinkinys MILWAUKEE M18 FPP2B3-502X;4;739.57
4059952528090;0611911100_bos;Bosch;Akumuliatorinis perforatorius BOSCH GBH 18V-21 Solo;4;280
3165140835015;0601828800_BOS;Bosch;Kampinis šlifuoklis BOSCH GWS 1000;4;119.86
4059952610573;06016C1200_bos;Bosch;Akumuliatorinis diskinis pjūklas BOSCH GKS 18V-57-2 CT Solo;4;249.92
0088381775175;DUC101Z_MAK;Makita;Akumuliatorinis šakų genėtuvas MAKITA DUC101Z;4;243.33
4058546413057;4933481020_MIL;Milwaukee;Akumuliatorinių įrankių rinkinys MILWAUKEE M18 FPP3T2-554P;4;1121.46
4058546368609;4932479066_MIL;Milwaukee Accessories;Kreipiančioji liniuotė MILWAUKEE GR1400;4;205.03
0088381776202;DUB187Z_MAK;Makita;Akumuliatorinis surinkėjas-pūstuvas MAKITA DUB187Z;4;240.67
4966376404209;68102826_HiK;HiKOKI;Kampinis šlifuoklis HiKOKI G13VE2;4;324.98
4059952560014;0615990L8E_bos;Bosch;Akumuliatorinis suktuvas-gręžtuvas BOSCH GSR 18V-60 C LB  3x5,0Ah;4;417.52
3165140461320;0611321000_bos;Bosch;Atskėlimo plaktukas BOSCH GSH 5 CE;4;763.84
3165140979450;06019H4108_bos;Bosch;Akumuliatorinis suktuvas-gręžtuvas BOSCH GSR 18V-28 Solo LB;4;207.2
3165140984188;06019D8200_bos;Bosch;Akumuliatorinis smūginis veržliasukis BOSCH GDS 18V-300 C Solo CT;4;273.28
7040056068114;74230_990-L_HH;Helly Hansen workwear;Striukė HELLY HANSEN Kensington Softshell, juoda L;4;118.87
7040056068237;74230_990-XL_HH;Helly Hansen workwear;Striukė HELLY HANSEN Kensington Softshell, juoda XL;4;118.87
7040056068145;74230_990-M_HH;Helly Hansen workwear;Striukė HELLY HANSEN Kensington Softshell, juoda M;4;118.87
7040056068022;74230_990-2XL_HH;Helly Hansen workwear;Striukė HELLY HANSEN Kensington Softshell, juoda 2XL;4;118.87
4059952595429;0601091A00_bos;Bosch;Trikojis stovas BOSCH BT 300 HD 5/8quot;4;239.9
4058546412401;4933480955_MIL;Milwaukee;Akumuliatorinis tiesinis šlifuoklis MILWAUKEE M18 FDGROVB-0X;4;438.07
4058546376581;4933479864_MIL;Milwaukee;Akumuliatorinis smūginis suktuvas MILWAUKEE M18 FID3-0X;4;338.71
8717154653779;751529_HIT;HiKOKI Accessories;Kaltas įžeminimo strypui HiKOKI 27x400mm;4;144.5
008838176935;DMR057_MAK;Makita;Radijo imtuvas su prožektoriumi MAKITA DMR057;4;174.09
4059952594484;06019H300B_bos;Bosch;Akumuliatorinis suktuvas-gręžtuvas BOSCH GSR 12V-35 FC Solo su priedais;4;325.92
4059952589008;06015B3001_bos;Bosch;Akumuliatorinis siaurapjūklis BOSCH GST 18V-125 B CT Solo;4;312.19
4059952546018;06015B1001_bos;Bosch;Akumuliatorinis siaurapjūklis BOSCH GST 18V-155 BC CT Solo;4;367.28
7040058030638;71185_369-M_HH;Helly Hansen workwear;Šviesą atspindinti striukė HELLY HANSEN UC-ME Shell Jacket, geltona M;4;116.54
7040058030614;71185_369-L_HH;Helly Hansen workwear;Šviesą atspindinti striukė HELLY HANSEN UC-ME Shell Jacket, geltona L;4;116.54
7040058030690;71185_369-XL_HH;Helly Hansen workwear;Šviesą atspindinti striukė HELLY HANSEN UC-ME Shell Jacket, geltona XL;4;116.54
4058546376543;4933479860_MIL;Milwaukee;Akumuliatorinis smūginis gręžtuvas MILWAUKEE M18 FPD3-502X;4;631.36
4058546376574;4933479863_MIL;Milwaukee;Akumuliatorinis gręžtuvas MILWAUKEE M18 FDD3-502X;4;613.29
4058546376567;4933479862_MIL;Milwaukee;Akumuliatorinis gręžtuvas MILWAUKEE M18 FDD3-0X;4;297.16
0088381791908;B-57336-2_MAK;Makita Accessories;Pjovimo diskas medienai MAKITA Efficut 165x1,45x20mm T56 23°, 2 vnt.;4;143.36
3165140888677;06019C6200_bos;Bosch;Akumuliatorinis dulkių siurblys BOSCH GAS 18V-1 Solo;4;113.12
3165140901239;0601446700_bos;Bosch;Akumuliatorinis LED prožektorius BOSCH GLI 18V-1200 C Solo;4;125.44
088381740746;SK700D_MAK;Makita;Akumuliatorinis lazerinis nivelyras MAKITA SK700D 360° CXT;4;454
4059952576534;06017D0300_bos;Bosch;Kampinis šlifuoklis BOSCH GWS 17-125 S 1700W;4;271.04
4059952576527;06017D0200_bos;Bosch;Kampinis šlifuoklis BOSCH GWS 17-125 1700W;4;258.72
3165140990219;1600A01NC9_bos;Bosch;Akumuliatorių ir įkroviklio rinkinys BOSCH GBA 12V 2,0Ah+4,0Ah+GAL 12V-40;4;137.76
4030293239685;520861_FLE;FLEX;Akumuliatorinis kampinis šlifuoklis FLEX LBE 125 18,0-EC/5,0 Set Limited Edition;4;545.19
3165140843652;0611267600_bos;Bosch;Perforatorius BOSCH GBH 2-28 F;4;367.36
4058546225063;4933464561_MIL;Milwaukee;Akumuliatorinis smūginis gręžtuvas MILWAUKEE M18 FPD2-402C;4;560
4030293242418;530231_FLE;FLEX;Akumuliatorinis smūginis veržliasukis FLEX IW 1/2quot 750Nm 18,0-EC C;4;276.76
4003773071587;9743200A_KNI;Knipex;Antgalių užspaudimo replės be matricų KNIPEX;4;144.36
4003773075066;974971_KNI;Knipex;Matrica KNIPEX MC4 kontaktams 4-6-10mm²;4;190.9
7040058056324;78389_992-43_HH;Helly Hansen workwear;Batai HELLY HANSEN Chelsea EVO 2 MID O2 HT, juodi/oranžiniai 43;4;136.9
7040058056300;78389_992-41_HH;Helly Hansen workwear;Batai HELLY HANSEN Chelsea EVO 2 MID O2 HT, juodi/oranžiniai 41;4;136.9
7040058056317;78389_992-42_HH;Helly Hansen workwear;Batai HELLY HANSEN Chelsea EVO 2 MID O2 HT, juodi/oranžiniai 42;4;136.9
7040058056355;78389_992-46_HH;Helly Hansen workwear;Batai HELLY HANSEN Chelsea EVO 2 MID O2 HT, juodi/oranžiniai 46;4;136.9
4059952576466;06017D0000_bos;Bosch;Kampinis šlifuoklis BOSCH GWS 14-125 1400W;4;208.32
4059952559766;06018G1000_bos;Bosch;Kampinis šlifuoklis BOSCH GWS 30-230 B;4;449.12
7034354801313;53000510_HiK;HiKOKI;Kompresoriaus ir smeigiakalio rinkinys HiKOKI MFT 106/OF-F50D;4;300.83
4966376400676;68010384_HiK;HiKOKI;Akumuliatorinis suktuvas HiKOKI DS18DA;4;171.24
0088381810289;DDF482ZJ_MAK;Makita;Akumuliatorinis suktuvas-gręžtuvas MAKITA DDF482ZJ;4;112.65
3165140952958;1600A016GK_bos;Bosch;Akumuliatorius BOSCH GBA ProCORE 18V 8,0Ah;4;202.72
4007140386199;259215ERO_RUK;Ruko;25 dalių grąžtų rinkinys RUKO HSS-CO Ultimatecut Flowstep;4;246.76
0088381760720;DBO480Z_MAK;Makita;Akumuliatorinis vibracinis šlifuoklis MAKITA DBO480Z;4;125.16
088381016254;9031_MAK;Makita;Juostinis šlifuoklis MAKITA 9031;4;328.83
4013288222176;018110_WER;Wera;19 dalių antgalių rinkinys su smūginiu atsuktuvu WERA KK 900;4;132.36
4030293238398;518956_FLE;FLEX;Lazerinis atstumo matuoklis FLEX ADM 70 G;4;165.68
4030293239753;521078_FLE;FLEX;Akumuliatorius FLEX AP Power Plus 18V 8,0Ah;4;165.68
4058546404505;4932480165_MIL;Milwaukee;Akumuliatorius MILWAUKEE M12 HB 5,0Ah;4;152.64
0088381535175;B-64462_MAK;Makita Accessories;Betono grąžtas su dulkių ištraukimu MAKITA SDS-Max 24 mm;4;225.06
0088381535182;B-64478_MAK;Makita Accessories;Betono grąžtas su dulkių ištraukimu MAKITA SDS-Max 25 mm;4;226.69
0088381535199;B-64484_MAK;Makita Accessories;Betono grąžtas su dulkių ištraukimu MAKITA SDS-Max 28 mm;4;253.94
0088381741651;DUS158Z_MAK;Makita;Akumuliatorinis sodo purkštuvas MAKITA DUS158Z, 15L;4;340.21
088381867962;DCV202ZL_MAK;Makita;Akumuliatorinė šildanti liemenė MAKITA DCV202Z L;4;176.49
4030293221291;491357_FLE;FLEX;Akumuliatorių rinkinys FLEX P-SET 22Q 18V 2x2,5Ah;4;134.85
4059952548234;0601481003_bos;Bosch;Akumuliatorinė smeigiakalė BOSCH GNH 18V-64M;4;965.44
4030293239654;520771_FLE;FLEX;Akumuliatorinis smūginis suktuvas FLEX ID 1/4quot 18,0 5,0Ah EC HD;4;443.37
7040058032335;71470_990-L_HH;Helly Hansen workwear;Žieminis puskombinezonis HELLY HANSEN Bifrost Winter Bib, juodas L;4;240.56
7040058032267;71470_990-2XL_HH;Helly Hansen workwear;Žieminis puskombinezonis HELLY HANSEN Bifrost Winter Bib, juodas 2XL;4;240.56
7040058032342;71470_990-M_HH;Helly Hansen workwear;Žieminis puskombinezonis HELLY HANSEN Bifrost Winter Bib, juodas M;4;240.56
7040058032373;71470_990-S_HH;Helly Hansen workwear;Žieminis puskombinezonis HELLY HANSEN Bifrost Winter Bib, juodas S;4;240.56
7040058032403;71470_990-XL_HH;Helly Hansen workwear;Žieminis puskombinezonis HELLY HANSEN Bifrost Winter Bib, juodas XL;4;240.56
7040058031659;71360_990-L_HH;Helly Hansen workwear;Žieminė striukė HELLY HANSEN Bifrost Winter, juoda L;4;296.11
7040058031697;71360_990-XL_HH;Helly Hansen workwear;Žieminė striukė HELLY HANSEN Bifrost Winter, juoda XL;4;296.11
3165140964531;06019H6100_bos;Bosch;Akumuliatorinis kampinis šlifuoklis BOSCH Biturbo GWS 18V-15SC;4;420
3165140803229;0601076700_bos;Bosch;Elektroninis gulsčiukas BOSCH GIM60;4;178.75
4059952614304;0601072Z00_bos;Bosch;Lazerinis atstumų matuoklis BOSCH GLM 150-27C;4;398.66
4059952593654;0601061V00_bos;Bosch;Rotacinis lazerinis nivelyras BOSCH GRL 650 CHVG, LR65 G;4;2283.97
3165140773263;060186810D_bos;Bosch;Akumuliatorinis suktuvas-gręžtuvas BOSCH GSR 12V-15;4;122.08
4059952560106;1600A0214C_bos;Bosch;Akumuliatorių ir įkroviklio komplektas BOSCH GBA ProCORE 18V 5,5Ah;4;380.8
4030293232952;509841_FLE;FLEX;Kryžminis lazerinis nivelyras FLEX ALC 3/1-G/R;4;306.57
3165140572996;0601389000_bos;Bosch;Poliruoklis BOSCH GPO 14 CE;4;285.6
4059952564661;06019J8501_bos;Bosch;Akumuliatorinis smūginis veržliasukis BOSCH Biturbo GDS 18V-1050H LB Solo;4;395.36
3165140906098;06019G7103_bos;Bosch;Akumuliatorinis suktuvas-gręžtuvas BOSCH GSR 18V-60 FC su priedais;4;437.92
4058546376680;4933479874_MIL;Milwaukee;Akumuliatorinis smūginis gręžtuvas MILWAUKEE M12 FDD2-402X;4;351.36
4058546376673;4933479873_MIL;Milwaukee;Akumuliatorinis smūginis gręžtuvas MILWAUKEE M12 FDD2-202X;4;306.2
4042146871171;515.0065_ks;KsTools;Ilgų ir trumpų smūginių galvų komplektas KS TOOLS 1/2quot, 40vnt.;4;245.97
0088381751421;DLX7021TX1_MAK;Makita;Akumuliatorinių įrankių rinkinys MAKITA DLX7021TX1;4;1634.48
0088381766135;DDF484RGJ_MAK;Makita;Akumuliatorinis gręžtuvas MAKITA DDF484RGJ;4;508.68
0088381744782;DLX4156TX1_MAK;Makita;Akumuliatorinių įrankių komplektas MAKITA DLX4156TX;4;1125.33
4058546340940;4932478161_MIL;Milwaukee;Įrankių dėžė su ratukais MILWAUKEE PACKOUT;4;359.58
4003773088127;903103BK_KNI;Knipex;Vamzdžių pjaustyklė KNIPEX TubiX XL Inox 6-76mm;4;117.26
4003773088165;1272190_KNI;Knipex;Antgalių presavimo replės KNIPEX 1272190;4;160.41
0088381846035;VC4210M_MAK;Makita;Dulkių siurblys MAKITA M klasė VC4210M su priedais;4;842.97
3165140817912;0601241200_bos;Bosch;Patikros kamera BOSCH GIC 120 C;4;422.18
4030293236219;515698_FLE;FLEX;Akumuliatorinis smūginis gręžtuvas FLEX PD 2G 18,0 EC C HD;4;202.71
3165140412995;0611332100_bos;Bosch;Perforatorius BOSCH GBH 4-32 DFR;4;646.24
0088381748995;DTD172Z_MAK;Makita;Akumuliatorinis smūginis suktuvas MAKITA DTD172Z;4;238.95
0088381760393;DHG181ZJ_MAK;Makita;Akumuliatorinė orapūtė MAKITA DHG181ZJ;4;221.92
4059952507811;06014A3000_bos;Bosch;Radijo imtuvas su bluetooth BOSCH GPB 18V-2 C;4;152.32
4030839322475;720831-48_ELT;ELTEN;Batai ELTEN Livas black red low ESD S1P, juodi 48;4;114.69
4030839322468;720831-47_ELT;ELTEN;Batai ELTEN Livas black red low ESD S1P, juodi 47;4;114.69
4030839322451;720831-46_ELT;ELTEN;Batai ELTEN Livas black red low ESD S1P, juodi 46;4;114.69
4030839322444;720831-45_ELT;ELTEN;Batai ELTEN Livas black red low ESD S1P, juodi 45;4;114.69
4030839322437;720831-44_ELT;ELTEN;Batai ELTEN Livas black red low ESD S1P, juodi 44;4;114.69
4030839322413;720831-42_ELT;ELTEN;Batai ELTEN Livas black red low ESD S1P, juodi 42;4;114.69
4030839322406;720831-41_ELT;ELTEN;Batai ELTEN Livas black red low ESD S1P, juodi 41;4;114.69
3165140988155;0601081601_bos;Bosch;Sienos skeneris BOSCH D-tect 200 C;4;951.38
0088381736596;DDF487RAJ_MAK;Makita;Akumuliatorinis gręžtuvas MAKITA DDF487RAJ;4;351.6
4030293238039;518409_FLE;FLEX;Akumuliatorinis švytuoklinis įrankis FLEX MT 18,0 EC C;4;180.5
4059952560076;1600A02149_bos;Bosch;Akumuliatorius BOSCH GBA ProCORE 18V 5,5Ah;4;175.84
088381581271;191T38-7_MAK;Makita Accessories;Aukštapjovės priedas MAKITA 191T38-7, 30cm;4;336
0088381751230;DFR551Z_MAK;Makita;Akumuliatorinis juostinis suktuvas MAKITA DFR551Z;4;382.42
0088381751186;DFR452Z_MAK;Makita;Akumuliatorinis juostinis suktuvas MAKITA DFR452Z;4;382.42
4058546361693;4933478887_MIL;Milwaukee;Akumuliatorinis perforatorius MILWAUKEE M18 FHX-0;4;495.87
4007140386113;259214RO_RUK;Ruko;19 dalių grąžtų rinkinys RUKO HSS-G;4;141.95
0088381756815;DLM539Z_MAK;Makita;Akumuliatorinė vejapjovė MAKITA DLM539Z;4;698.47
4058546372552;4932479461_MIL;Milwaukee Accessories;Akumuliatorinis antgalis dulkių siurbliui MILWAUKEE M12 AUN-0;4;140
045242547777;48899340_MIL;Milwaukee Accessories;Pakopinis grąžtas MILWAUKEE 6-40mm;4;166.73
4058546375621;4933479768_MIL;Milwaukee;Įkraunamas prožektorius ant galvos MILWAUKEE L4 HL-VIS-301;4;121.04
4058546408442;4932480559_MIL;Milwaukee Accessories;One Key QR kodo lipdukas MILWAUKEE AIDTSP-200, 200vnt.;4;143.61
4007140386731;101652P_RUK;Ruko;Pakopinis grąžtas RUKO UltimateCut Flowstep Ø8,0-30,0mm;4;160.54
088381581486;E-10883_MAK;Makita;221 dalies rankinių įrankių rinkinys MAKITA;4;349.52
3165140994910;06019J4003_bos;Bosch;Akumuliatorinis kampinis šlifuoklis BOSCH GWS 18V-10;4;235.2
3165140971423;06019J0200_bos;Bosch;Akumuliatorinis smūginis suktuvas/veržliasukis BOSCH GDX 18V-210C Solo;4;246.4
4058546361075;4933478825_MIL;Milwaukee;Akumuliatorinių įrankių rinkinys MILWAUKEE M12 FPP2AX-423P;4;555.37
3165140847322;06019F6000_bos;Bosch;Akumuliatorinis suktuvas-gręžtuvas BOSCH GSR 12V-15 FC su priedais;4;318.08
3165140953719;06019H8002_bos;Bosch;Akumuliatorinis suktuvas-gręžtuvas BOSCH GSR 12V-35 2x3,0Ah;4;263.2
3165140394475;0601824800_bos;Bosch;Kampinis šlifuoklis BOSCH GWS 1400;4;144.48
3165140952989;1600A016GP_bos;Bosch;Akumuliatorių ir įkroviklio komplektas BOSCH GBA ProCORE 18V 8,0Ah;4;475.17
4059952528106;0611911101_bos;Bosch;Akumuliatorinis perforatorius BOSCH GBH 18V-21;4;274.4
088381755382;AS001GZ_MAK;Makita;Akumuliatorinis pūstuvas MAKITA AS001GZ 40V MAX XGT;4;207.09
4030293153936;378461_FLE;FLEX;Akmens šlifavimo mašina FLEX PRCD LE 12-3 WET;4;590.64
088381760317;DHG180Z_MAK;Makita;Akumuliatorinė orapūtė MAKITA DHG180Z;4;139.24
088381738576;DTD157Z_MAK;Makita;Akumuliatorinis smūginis suktuvas MAKITA DTD157Z;4;149.73
4030839394656;741531-37_ELT;ELTEN;Moteriški batai ELTEN Hannah XXTL S1P ESD, juodi 37;4;113.76
4030839394670;741531-39_ELT;ELTEN;Moteriški batai ELTEN Hannah XXTL S1P ESD, juodi 39;4;113.76
4030839394687;741531-40_ELT;ELTEN;Moteriški batai ELTEN Hannah XXTL S1P ESD, juodi 40;4;113.76
4030839394694;741531-41_ELT;ELTEN;Moteriški batai ELTEN Hannah XXTL S1P ESD, juodi 41;4;113.76
7040057077153;78351_990-42_HH;Helly Hansen workwear;Batai HELLY HANSEN Kensington Low BOA S1P, juodi 42;4;145.69
7040057077177;78351_990-44_HH;Helly Hansen workwear;Batai HELLY HANSEN Kensington Low BOA S1P, juodi 44;4;145.69
7040057077184;78351_990-45_HH;Helly Hansen workwear;Batai HELLY HANSEN Kensington Low BOA S1P, juodi 45;4;145.69
7040057077191;78351_990-46_HH;Helly Hansen workwear;Batai HELLY HANSEN Kensington Low BOA S1P, juodi 46;4;145.69
7040057073421;77574_789-C50_HH;Helly Hansen workwear;Kelnės HELLY HANSEN  Kensington Service Pant, smėlio spalvos C50;4;128.78
7040057073445;77574_789-C52_HH;Helly Hansen workwear;Kelnės HELLY HANSEN  Kensington Service Pant, smėlio spalvos C52;4;128.78
7040057073476;77574_789-C54_HH;Helly Hansen workwear;Kelnės HELLY HANSEN  Kensington Service Pant, smėlio spalvos C54;4;128.78
7040057073490;77574_789-C56_HH;Helly Hansen workwear;Kelnės HELLY HANSEN  Kensington Service Pant, smėlio spalvos C56;4;128.78
7040057073513;77574_789-C58_HH;Helly Hansen workwear;Kelnės HELLY HANSEN  Kensington Service Pant, smėlio spalvos C58;4;128.78
7040057072486;77570_789-C50_HH;Helly Hansen workwear;Kelnės HELLY HANSEN Kensington Construction, smėlio spalvos C50;4;178.35
7040057075814;77554_990-C46_HH;Helly Hansen workwear;Kelnės HELLY HANSEN Chelsea Evolution BRZ service, juodos C46;4;116.54
7040057075821;77554_990-C48_HH;Helly Hansen workwear;Kelnės HELLY HANSEN Chelsea Evolution BRZ service, juodos C48;4;116.54
7040057075838;77554_990-C50_HH;Helly Hansen workwear;Kelnės HELLY HANSEN Chelsea Evolution BRZ service, juodos C50;4;116.54
7040057075845;77554_990-C52_HH;Helly Hansen workwear;Kelnės HELLY HANSEN Chelsea Evolution BRZ service, juodos C52;4;116.54
7040057075876;77554_990-C58_HH;Helly Hansen workwear;Kelnės HELLY HANSEN Chelsea Evolution BRZ service, juodos C58;4;116.54
7040057075883;77554_990-C60_HH;Helly Hansen workwear;Kelnės HELLY HANSEN Chelsea Evolution BRZ service, juodos C60;4;116.54
7040057075890;77554_990-C62_HH;Helly Hansen workwear;Kelnės HELLY HANSEN Chelsea Evolution BRZ service, juodos C62;4;116.54
7040057075210;77550_990-C48_HH;Helly Hansen workwear;Kelnės HELLY HANSEN Chelsea Evolution BRZ cons, juodos C48;4;126.26
7040057075227;77550_990-C50_HH;Helly Hansen workwear;Kelnės HELLY HANSEN Chelsea Evolution BRZ cons, juodos C50;4;126.26
7040057075234;77550_990-C52_HH;Helly Hansen workwear;Kelnės HELLY HANSEN Chelsea Evolution BRZ cons, juodos C52;4;126.26
7040057075241;77550_990-C54_HH;Helly Hansen workwear;Kelnės HELLY HANSEN Chelsea Evolution BRZ cons, juodos C54;4;126.26
7040057075258;77550_990-C56_HH;Helly Hansen workwear;Kelnės HELLY HANSEN Chelsea Evolution BRZ cons, juodos C56;4;126.26
7040057075265;77550_990-C58_HH;Helly Hansen workwear;Kelnės HELLY HANSEN Chelsea Evolution BRZ cons, juodos C58;4;126.26
7040057075289;77550_990-C62_HH;Helly Hansen workwear;Kelnės HELLY HANSEN Chelsea Evolution BRZ cons, juodos C62;4;126.26
7040057072820;77500_369-C56_HH;Helly Hansen workwear;Kelnės HELLY HANSEN ICU BRZ Cons CL1, geltonos C56;4;145.69
7040057072844;77500_369-C58_HH;Helly Hansen workwear;Kelnės HELLY HANSEN ICU BRZ Cons CL1, geltonos C58;4;145.69
4006274231269;23126_PRO;PROXXON;10 dalių terkšliniai raktai PROXXON MicroSpeeder;4;121.46
4030293230095;504092_FLE;FLEX  Accessories;Deimantinis diskas FLEX Thermo-Jet D150 23,5;4;225.22
4030293230071;504076_FLE;FLEX  Accessories;Deimantinis diskas FLEX Turbo-Jet D150 23,5;4;225.22
4030293232945;509833_FLE;FLEX;Kryžminis lazerinis nivelyras FLEX ALC 2/1-G/R;4;239.74
088381752695;RT0702CX2J_MAK;Makita;Vertikali freza MAKITA RT0702CX2J su priedais;4;310.53
088381745024;DSL801ZU_MAK;Makita;Akumuliatorinis glaisto šlifuoklis MAKITA DSL801ZU;4;778.04
4030293209770;468916_FLE;FLEX;Vibracinis šlifuoklis FLEX ODE 2-100 EC;4;267.5
088381744591;DLX4157TX1_MAK;Makita;Akumuliatorinių įrankių rinkinys MAKITA DLX4157TX1;4;1179.86
088381752251;DBO380Z_MAK;Makita;Akumuliatorinis vibracinis šlifuoklis MAKITA DBO380Z;4;179.64
4003773066781;7172910_KNI;Knipex;Varžtų kirpimo replės KNIPEX 7172910;4;252.67
4007140026255;245030_RUK;Ruko;Sriegiklių ir sriegpjovių komplektas su grąžtais RUKO HSS M3-M12;4;367.36
4030293208216;465682_FLE;FLEX;Siurblys FLEX VCE 33 M AC su priedais;4;878.42
088381728614;DML814_MAK;Makita;Akumuliatorinis teleskopinis šviestuvas MAKITA DML814;4;348.29
088381748926;MP001GZ_MAK;Makita;Akumuliatorinis kompresorius MAKITA MP001GZ;4;182.06
088381748902;DMP181Z_MAK;Makita;Akumuliatorinis kompresorius MAKITA DMP181Z;4;179.36
088381739047;MR002GZ_MAK;Makita;Radijo imtuvas su bluetooth MAKITA MR002G;4;224.16
088381744744;DLX2432TJ_MAK;Makita;Akumuliatorinių įrankių rinkinys MAKITA DLX2432TJ;4;755.23
4030839321706;76541-41_ELT;ELTEN;Žieminiai batai ELTEN Joschi Boa GTX ESD S3 SRC Cl 41;4;204.01
4030839321713;76541-42_ELT;ELTEN;Žieminiai batai ELTEN Joschi Boa GTX ESD S3 SRC Cl 42;4;204.01
4030839321720;76541-43_ELT;ELTEN;Žieminiai batai ELTEN Joschi Boa GTX ESD S3 SRC Cl 43;4;204.01
4030839321744;76541-45_ELT;ELTEN;Žieminiai batai ELTEN Joschi Boa GTX ESD S3 SRC Cl 45;4;204.01
4007220166109;25201046_PFE;Pferd;3 dalių pakopinių grąžtų rinkinys PFERD STB HSS 3;4;134.15
4042146863138;516.2400_ks;KsTools;11 dalių dinamometrinio rakto ir galvučių rinkinys KS TOOLS 20-200Nm 1/2quot;4;241.11
088381741422;DTM52RTJX1_MAK;Makita;Akumuliatorinis švytuoklinis įrankis MAKITA DTM52RTJX1;4;628.2
4007220226704;21901414_PFE;Pferd;3-jų dalių HM frezų rinkinys PFERD Allround 1414 12mm;4;121.65
088381741613;DUS054Z_MAK;Makita;Akumuliatorinis sodo purkštuvas MAKITA DUS054Z, 5L;4;237.81
7040056980393;71304_590-XS_HH;Helly Hansen workwear;Moteriška striukė HELLY HANSEN Luna Winter, mėlyna XS;4;211.97
7040056980386;71304_590-XL_HH;Helly Hansen workwear;Moteriška striukė HELLY HANSEN Luna Winter, mėlyna XL;4;211.97
7040056399379;74095_369-S_HH;Helly Hansen workwear;Šviesą atspindinti striukė HELLY HANSEN Alna 2.0 Softshell, geltona S;4;112.83
7040056399362;74095_369-M_HH;Helly Hansen workwear;Šviesą atspindinti striukė HELLY HANSEN Alna 2.0 Softshell, geltona M;4;112.83
7040056399355;74095_369-L_HH;Helly Hansen workwear;Šviesą atspindinti striukė HELLY HANSEN Alna 2.0 Softshell, geltona L;4;112.83
7040056399393;74095_369-XL_HH;Helly Hansen workwear;Šviesą atspindinti striukė HELLY HANSEN Alna 2.0 Softshell, geltona XL;4;112.83
7040056399324;74095_369-2XL_HH;Helly Hansen workwear;Šviesą atspindinti striukė HELLY HANSEN Alna 2.0 Softshell, geltona 2XL;4;112.83
7040056399331;74095_369-3XL_HH;Helly Hansen workwear;Šviesą atspindinti striukė HELLY HANSEN Alna 2.0 Softshell, geltona 3XL;4;112.83
7040056399188;71393_369-M_HH;Helly Hansen workwear;Žieminė striukė HELLY HANSEN Alna 2.0, geltona M;4;188.35
7040056399218;71393_369-XL_HH;Helly Hansen workwear;Žieminė striukė HELLY HANSEN Alna 2.0, geltona XL;4;188.35
4003773077312;8603400_KNI;Knipex;Replės-veržliaraktis KNIPEX 8603 400mm;4;162.62
4030293221246;491306_FLE;FLEX;Akumuliatorinis tiesinis pjūklas FLEX RSP DW 18,0-EC C;4;212.48
4058546225032;4933464558_MIL;Milwaukee;Akumuliatorinis smūginis gręžtuvas MILWAUKEE M18 CBLPD-502C;4;495.87
4008158034478;GH80_BES;Bessey;Spaustuvai BESSEY GH80;4;144.72
088381736558;DDF487Z_MAK;Makita;Akumuliatorinis gręžtuvas MAKITA DDF487Z;4;130.54
5035048681312;DCK853P4-QW_DEW;DeWALT;Akumuliatorinių įrankių rinkinys DeWALT DCK853P4;4;2572.1
4058546346201;4933478429_MIL;Milwaukee;Akumuliatorinis kampinis šlifuoklis MILWAUKEE M18 FSAG125XB-0X;4;396.51
5035048616369;DCD791NT-XJ_DEW;DeWALT;Akumuliatorinis suktuvas-gręžtuvas DeWALT DCD791NT-XJ;4;187.92
7040056822617;78247_990-41_HH;Helly Hansen workwear;Batai HELLY HANSEN Chelsea Evolution BRZ Low BOA O1, juodi 41;4;122.83
7040056822624;78247_990-42_HH;Helly Hansen workwear;Batai HELLY HANSEN Chelsea Evolution BRZ Low BOA O1, juodi 42;4;122.83
7040056822631;78247_990-43_HH;Helly Hansen workwear;Batai HELLY HANSEN Chelsea Evolution BRZ Low BOA O1, juodi 43;4;122.83
7040056822648;78247_990-44_HH;Helly Hansen workwear;Batai HELLY HANSEN Chelsea Evolution BRZ Low BOA O1, juodi 44;4;122.83
7040056822655;78247_990-45_HH;Helly Hansen workwear;Batai HELLY HANSEN Chelsea Evolution BRZ Low BOA O1, juodi 45;4;122.83
7040056822662;78247_990-46_HH;Helly Hansen workwear;Batai HELLY HANSEN Chelsea Evolution BRZ Low BOA O1, juodi 46;4;122.83
7040056822679;78247_990-47_HH;Helly Hansen workwear;Batai HELLY HANSEN Chelsea Evolution BRZ Low BOA O1, juodi 47;4;122.83
088381741316;DTM52Z_MAK;Makita;Akumuliatorinis švytuoklinis įrankis MAKITA DTM52Z;4;241.3
4042146849552;515.2095_ks;KsTools;Ratų keitimo komplektas KS TOOLS;4;440.68
088381899819;DJS200Z_MAK;Makita;Akumuliatorinės skardos žirklės MAKITA DJS200Z;4;522.47
4030839280461;729161-40_ELT;ELTEN;Batai ELTEN Maddox Boa Low ESD S3 SRC, juodi/pilki 40;4;138.05
4030839280485;729161-42_ELT;ELTEN;Batai ELTEN Maddox Boa Low ESD S3 SRC, juodi/pilki 42;4;138.05
4030839280492;729161-43_ELT;ELTEN;Batai ELTEN Maddox Boa Low ESD S3 SRC, juodi/pilki 43;4;138.05
4030839280508;729161-44_ELT;ELTEN;Batai ELTEN Maddox Boa Low ESD S3 SRC, juodi/pilki 44;4;138.05
4030839280515;729161-45_ELT;ELTEN;Batai ELTEN Maddox Boa Low ESD S3 SRC, juodi/pilki 45;4;138.05
4030839280522;729161-46_ELT;ELTEN;Batai ELTEN Maddox Boa Low ESD S3 SRC, juodi/pilki 46;4;138.05
4030839280539;729161-47_ELT;ELTEN;Batai ELTEN Maddox Boa Low ESD S3 SRC, juodi/pilki 47;4;138.05
4030839280546;729161-48_ELT;ELTEN;Batai ELTEN Maddox Boa Low ESD S3 SRC, juodi/pilki 48;4;138.05
5035048644676;DCK276P3-QW_DEW;DeWALT;Akumuliatorinių įrankių rinkinys DeWALT DCK276P3;4;722.29
088381574617;191N31-5_MAK;Makita Accessories;Žoliapjovės priedas multi varikliui MAKITA 191N31-5;4;227.47
7040056761602;77574_990-C46_HH;Helly Hansen workwear;Kelnės HELLY HANSEN  Kensington Service Pant, juodos C46;4;128.78
7040056761619;77574_990-C48_HH;Helly Hansen workwear;Kelnės HELLY HANSEN  Kensington Service Pant, juodos C48;4;128.78
7040056761626;77574_990-C50_HH;Helly Hansen workwear;Kelnės HELLY HANSEN  Kensington Service Pant, juodos C50;4;128.78
7040056761633;77574_990-C52_HH;Helly Hansen workwear;Kelnės HELLY HANSEN  Kensington Service Pant, juodos C52;4;128.78
7040056761640;77574_990-C54_HH;Helly Hansen workwear;Kelnės HELLY HANSEN  Kensington Service Pant, juodos C54;4;128.78
7040056761657;77574_990-C56_HH;Helly Hansen workwear;Kelnės HELLY HANSEN  Kensington Service Pant, juodos C56;4;128.78
7040056761671;77574_990-C60_HH;Helly Hansen workwear;Kelnės HELLY HANSEN  Kensington Service Pant, juodos C60;4;128.78
088381732079;DUX18Z_MAK;Makita;Akumuliatorinis multi sistemos variklis MAKITA DUX18Z;4;215.05
4059952518831;0601072U00_bos;Bosch;Lazerinis atstumo matuoklis BOSCH GLM 50-27 CG;4;276.36
3165140859202;06112A4000_bos;Bosch;Perforatorius BOSCH GBH 2-26 F;4;285.14
5035048643020;DCS520T2R-QW_DEW;DeWALT;Akumuliatorinis diskinis pjūklas DeWALT DCS520T2R;4;1027.79
088381732871;DWR180Z_MAK;Makita;Akumuliatorinė terkšlė MAKITA DWR180Z;4;194.58
4030293224063;494534_FLE;FLEX;Glaisto šlifuoklis FLEX GE 7 MH-R + SH;4;1083.03
7040056397078;71240_990-M_HH;Helly Hansen workwear;Moteriška striukė HELLY HANSEN Luna Shell, juoda M;4;180.33
088381730327;DUR192LZ_MAK;Makita;Akumuliatorinis trimeris MAKITA DUR192LZ;4;197.98
4007220168202;25203704_PFE;Pferd;25 dalių metalo grąžtų rinkinys PFERD DIN338 HSSE N 1-13 Inox;4;141.03
4030839271919;729541-47_ELT;ELTEN;Batai ELTEN Malvin Blue Low ESD S3 SRC, juodi 47;4;114.03
4058546326142;4933472218_MIL;Milwaukee;Akumuliatorinė žoliapjovė MILWAUKEE M18 BLLT-0;4;356.78
4011160126499;12649_SCHWAB;AS-Schwabe;Ištraukiamas ilgintuvas AS-SCHWABE 400V, 16A 15m;4;298.52
4030293224483;495921_FLE;FLEX;Rankinis maišytuvas FLEX MXE 1202 + antgalis WR2 140;4;347.44
4005069196240;19624_STAB;Stabila;Gaudyklė lazeriniam nivelyrui STABILA REC 500 RG su laikikliu;4;264.02
4007140382252;2004201_RUK;Ruko;10 dalių grąžtų rinkinys metalui RUKO HSS 14-20 mm;4;206.88
4026189122087;GN25351_GOLZ;Golz;Deimantinis diskas granitui GOLZ GN25 Ø350x25,4mm;4;129.73
5412684038036;XAS9P/5562Y-39_BEK;Bekina;Botai žvejybai BEKINA StormGrip S5, mėlyni 39;4;113.25
5412684038104;XAS9P/5562Y-46_BEK;Bekina;Botai žvejybai BEKINA StormGrip S5, mėlyni 46;4;113.25
7040056398822;71195_369-M_HH;Helly Hansen workwear;Šviesą atspindinti striukė HELLY HANSEN Alna Shell 2.0, geltona M;4;161.49
7040056398815;71195_369-L_HH;Helly Hansen workwear;Šviesą atspindinti striukė HELLY HANSEN Alna Shell 2.0, geltona L;4;161.49
7040056398853;71195_369-XL_HH;Helly Hansen workwear;Šviesą atspindinti striukė HELLY HANSEN Alna Shell 2.0, geltona XL;4;161.49
7040056068152;74230_590-S_HH;Helly Hansen workwear;Striukė HELLY HANSEN Kensington Softshell, mėlyna S;4;118.87
7040056068121;74230_590-M_HH;Helly Hansen workwear;Striukė HELLY HANSEN Kensington Softshell, mėlyna M;4;118.87
7040056068091;74230_590-L_HH;Helly Hansen workwear;Striukė HELLY HANSEN Kensington Softshell, mėlyna L;4;118.87
7040056068213;74230_590-XL_HH;Helly Hansen workwear;Striukė HELLY HANSEN Kensington Softshell, mėlyna XL;4;118.87
7040056068008;74230_590-2XL_HH;Helly Hansen workwear;Striukė HELLY HANSEN Kensington Softshell, mėlyna 2XL;4;118.87
7040056761091;77570_990-C50_HH;Helly Hansen workwear;Kelnės HELLY HANSEN Kensington Construction, juodos C50;4;178.35
7040056761107;77570_990-C52_HH;Helly Hansen workwear;Kelnės HELLY HANSEN Kensington Construction, juodos C52;4;178.35
7040056761114;77570_990-C54_HH;Helly Hansen workwear;Kelnės HELLY HANSEN Kensington Construction, juodos C54;4;178.35
7040056761121;77570_990-C56_HH;Helly Hansen workwear;Kelnės HELLY HANSEN Kensington Construction, juodos C56;4;178.35
7040056761138;77570_990-C58_HH;Helly Hansen workwear;Kelnės HELLY HANSEN Kensington Construction, juodos C58;4;178.35
7040056761145;77570_990-C60_HH;Helly Hansen workwear;Kelnės HELLY HANSEN Kensington Construction, juodos C60;4;178.35
4030839279939;729851-40_ELT;ELTEN;Batai ELTEN Reaction XXT Pro BOA ESD S3, juodi 40;4;146.05
4030839279953;729851-42_ELT;ELTEN;Batai ELTEN Reaction XXT Pro BOA ESD S3, juodi 42;4;146.05
4030839279960;729851-43_ELT;ELTEN;Batai ELTEN Reaction XXT Pro BOA ESD S3, juodi 43;4;146.05
4030839279977;729851-44_ELT;ELTEN;Batai ELTEN Reaction XXT Pro BOA ESD S3, juodi 44;4;146.05
4030839279984;729851-45_ELT;ELTEN;Batai ELTEN Reaction XXT Pro BOA ESD S3, juodi 45;4;146.05
4030839279991;729851-46_ELT;ELTEN;Batai ELTEN Reaction XXT Pro BOA ESD S3, juodi 46;4;146.05
4030839280003;729851-47_ELT;ELTEN;Batai ELTEN Reaction XXT Pro BOA ESD S3, juodi 47;4;146.05
4058546326081;4933472212_MIL;Milwaukee;Akumuliatorinis grandininis genėjimo pjūklas MILWAUKEE M12 FHS-602X;4;564.51
3165140654364;0601B19200_bos;Bosch;Skersinio pjovimo staklės BOSCH GCM 8 SDE Professional;4;834.4
4011160126475;12647_SCHWAB;AS-Schwabe;Ištraukiamas ilgintuvas AS-SCHWABE EasyToGo 18m;4;157.65
5035048446508;DWE74911-XJ_DEW;DeWALT;Stalas pjūklui DeWALT DWE74911-XJ;4;199.47
7040056398037;71345_990-S_HH;Helly Hansen workwear;Striukė HELLY HANSEN Kensington Winter, juoda S;4;212.8
7040056398051;71345_990-XL_HH;Helly Hansen workwear;Striukė HELLY HANSEN Kensington Winter, juoda XL;4;212.8
088381822879;PO6000C_MAK;Makita;Poliruoklis MAKITA PO6000C;4;418.73
4003773044321;8701560_KNI;Knipex;Vamzdinės replės KNIPEX Cobra 8701 560mm;4;140.5
7040056399782;71491_369-C50_HH;Helly Hansen workwear;Žieminis puskombinezonis HELLY HANSEN ALNA 2.0, geltonas C50;4;188.26
7040056399829;71491_369-C58_HH;Helly Hansen workwear;Žieminis puskombinezonis HELLY HANSEN ALNA 2.0, geltonas C58;4;188.26
4030293197312;447692_FLE;FLEX;Kampinis šlifuoklis FLEX L 15-11 125;4;183.47
4030293215641;481513_FLE;FLEX;Dulkių siurblys FLEX VC 6 L MC;4;136.12
3165140584890;0601B23600_bos;Bosch;Skersinio pjovimo staklės BOSCH GCM 12 GDL;4;1380.96
4010220031254;DSET16_BES;Bessey;Skardos žirklių rinkinys BESSEY DSET16;4;112.57
088381567350;WST06_MAK;Makita;Stovas medžio pjovimo staklėms MAKITA WST06;4;260.4
088381723862;DTW700RTJ_MAK;Makita;Akumuliatorinis smūginis veržliasukis MAKITA DTW700RTJ;4;668.49
4030293226913;499323_FLE;FLEX;Akumuliatorinis kampinis šlifuoklis FLEX LBE 125 18.0-EC/5.0 Set;4;493.83
4030293222946;492647_FLE;FLEX;Akumuliatorinis smūginis veržliasukis FLEX IW 3/4quot 18.0-EC/5.0 Set;4;498.9
7040056399003;71392_369-M_HH;Helly Hansen workwear;Žieminė, šviesą atspindinti striukė HELLY HANSEN Alna 2.0, geltona M;4;188.26
4030293236394;516171_FLE;FLEX;Akumuliatorinis smūginis gręžtuvas FLEX PD 2G 18,0 EC FS55;4;276.76
088381896245;DML812_MAK;Makita;Akumuliatorinis prožektorius MAKITA DML812;4;170.68
4042146824580;897.7215_ks;KsTools;Vežimėlis su 215vnt. įrankių KS TOOLS ECOline, 7 stalčiai;4;1295.86
088381723831;DTW700Z_MAK;Makita;Akumuliatorinis smūginis veržliasukis MAKITA DTW700Z;4;344.37
4005069192402;19240_STAB;Stabila;Rotacinis lazerinis nivelyras su gaudykle STABILA LAR-160G;4;803.96
7040056397719;71304_990-S_HH;Helly Hansen workwear;Moteriška striukė HELLY HANSEN Luna Winter, juoda S;4;211.97
7040056397696;71304_990-L_HH;Helly Hansen workwear;Moteriška striukė HELLY HANSEN Luna Winter, juoda L;4;211.97
7040056397733;71304_990-XL_HH;Helly Hansen workwear;Moteriška striukė HELLY HANSEN Luna Winter, juoda XL;4;211.97
7040056070292;71362_990-M_HH;Helly Hansen workwear;Žieminė striukė HELLY HANSEN Bifrost Winter Parka, juoda M;4;416.27
7040056070285;71362_990-L_HH;Helly Hansen workwear;Žieminė striukė HELLY HANSEN Bifrost Winter Parka, juoda L;4;416.27
7040056070322;71362_990-XL_HH;Helly Hansen workwear;Žieminė striukė HELLY HANSEN Bifrost Winter Parka, juoda XL;4;416.27
088381898041;DTW300RTJ_MAK;Makita;Akumuliatorinis smūginis veržliasukis MAKITA DTW300RTJ;4;603.79
4058546295981;4933471699_MIL;Milwaukee;Akumuliatorinis kampinis smūginis veržliasukis MILWAUKEE M12 FRAIWF12-0;4;324.25
4058546292232;4932471723_MIL;Milwaukee;Aukštas įrankių lagaminas MILWAUKEE PACKOUT 41,1cm;4;115.07
4058546220259;4932464080_MIL;Milwaukee;Mažas lagaminas MILWAUKEE PACKOUT;4;113.98
4966376330775;68103001_HiK;HiKOKI;Rankinė maišyklė HiKOKI UM16VST2;4;274.51
0088381898003;DTW300Z_MAK;Makita;Akumuliatorinis smūginis veržliasukis MAKITA DTW300Z;4;269.32
4030839353202;729151-40_ELT;ELTEN;Batai ELTEN Maddox Boa Low ESD S3 SRC, juodi/raudoni 40;4;138.05
4030839353219;729151-41_ELT;ELTEN;Batai ELTEN Maddox Boa Low ESD S3 SRC, juodi/raudoni 41;4;138.05
4030839353226;729151-42_ELT;ELTEN;Batai ELTEN Maddox Boa Low ESD S3 SRC, juodi/raudoni 42;4;138.05
4030839353233;729151-43_ELT;ELTEN;Batai ELTEN Maddox Boa Low ESD S3 SRC, juodi/raudoni 43;4;138.05
4030839353240;729151-44_ELT;ELTEN;Batai ELTEN Maddox Boa Low ESD S3 SRC, juodi/raudoni 44;4;138.05
4030839353257;729151-45_ELT;ELTEN;Batai ELTEN Maddox Boa Low ESD S3 SRC, juodi/raudoni 45;4;138.05
4030839353264;729151-46_ELT;ELTEN;Batai ELTEN Maddox Boa Low ESD S3 SRC, juodi/raudoni 46;4;138.05
4030839353271;729151-47_ELT;ELTEN;Batai ELTEN Maddox Boa Low ESD S3 SRC, juodi/raudoni 47;4;138.05
4030839353196;729151-39_ELT;ELTEN;Batai ELTEN Maddox Boa Low ESD S3 SRC, juodi/raudoni 39;4;138.05
4030839353189;729151-38_ELT;ELTEN;Batai ELTEN Maddox Boa Low ESD S3 SRC, juodi/raudoni 38;4;138.05
088381876100;DHR242ZJW_MAK;Makita;Akumuliatorinis perforatorius MAKITA DHR242ZJW;4;471.3
4058546229016;4933464956_MIL;Milwaukee;Akumuliatorinis multi variklis + žoliapjovės priedas MILWAUKEE M18 FOPHLTKIT-0;4;423.61
4058546229023;4932464957_MIL;Milwaukee;Grandininio pjūklo priedas MILWAUKEE M18 FOPH-CSA;4;221.29
4013288214638;057484_WER;Wera;16 dalių atsuktuvų rinkinys WERA KK Turbo i 1 VDE;4;140.85
4013288214614;057482_WER;Wera;19 dalių atsuktuvų rinkinys WERA KK Turbo 1;4;135.6
088381874465;LS0714LN_MAK;Makita;Medžio pjovimo staklės su lazeriu MAKITA LS0714LN;4;774.44
088381820540;DUR191LZX3_MAK;Makita;Akumuliatorinė žoliapjovė MAKITA DUR191LZX3;4;255.58
4966376330119;68000551_HiK;HiKOKI;Akumuliatorinių įrankių rinkinys HiKOKI KC12DA;4;271.16
088381858021;DHR281ZWJ_MAK;Makita;Akumuliatorinis perforatorius MAKITA DHR281ZWJ;4;665.47
4058546220235;4932464078_MIL;Milwaukee;Lagaminas su ratukais MILWAUKEE PACKOUT;4;252.27
4030293136069;349623_FLE;FLEX  Accessories;Deimantinis šlifavimo diskas FLEX Turbo-Jet 125x28x23,5;4;223.07
088381898263;DMP180Z_MAK;Makita;Akumuliatorinis kompresorius MAKITA DMP180Z;4;118.34
088381853552;DGA511Z_MAK;Makita;Akumuliatorinis kampinis šlifuoklis MAKITA DGA511Z;4;226.77
4058546226572;4932464712_MIL;Milwaukee;Akumuliatorius MILWAUKEE M18 HB5.5 5,5Ah;4;233.93
4966376310265;68010354_HiK;HiKOKI;Akumuliatorinis suktuvas HiKOKI DS18DBL2;4;498.59
7040056312804;74230_481-L_HH;Helly Hansen workwear;Striukė HELLY HANSEN Kensington, kamufliažinė L;4;118.87
7040056312842;74230_481-XL_HH;Helly Hansen workwear;Striukė HELLY HANSEN Kensington, kamufliažinė XL;4;118.87
4011160609336;60933_SCHWAB;AS-Schwabe;Elektros paskirstymo dėžė AS-SCHWABE Stecky DUO 3;4;483.15
4011160609619;60961_SCHWAB;AS-Schwabe;Elektros paskirstymo dėžė AS-SCHWABE Stecky 11+;4;210.88
4003773078579;9536315A_KNI;Knipex;Terkšlinės kabelio žirklės KNIPEX 9536 315A;4;494.54
088381680806;AF506_MAK;Makita;Pneumatinė smeigiakalė MAKITA AF506;4;131.69
4030293215610;481491_FLE;FLEX;Akumuliatorinis dulkių siurblys FLEX VC 6 L MC 18,0;4;163.97
4030293197305;447706_FLE;FLEX;Ekscentrinis šlifuoklis FLEX ORE 5-150 EC;4;353.91
4030293197299;447684_FLE;FLEX;Ekscentrinis šlifuoklis FLEX ORE 3-150 EC;4;353.91
088381894371;DLM462Z_MAK;Makita;Akumuliatorinė vejapjovė MAKITA DLM462Z;4;847.26
088381894715;DUN500WZ_MAK;Makita;Akumuliatorinės gyvatvorių žirklės MAKITA DUN500WZ;4;472.2
4030293213685;478474_FLE;FLEX;Akumuliatorinis perforatorius FLEX CHE 2-26 18,0-EC/5,0 Set;4;509.36
088381868174;MLS100N_MAK;Makita;Medžio pjovimo staklės MAKITA MLS100N;4;447.89
4966376327386;68100529_HiK;HiKOKI;Perforatorius HiKOKI DH26PC2;4;219.65
4058546293994;4933471500_MIL;Milwaukee;Akumuliatorinė pailginta terkšlė MILWAUKEE M12 FIR38LR-0;4;279.09
4058546224691;4933464524_MIL;Milwaukee;Akumuliatorinis gręžtuvas MILWAUKEE M18 ONEDD2-0X;4;333.29
088381884518;DUC356Z_MAK;Makita;Akumuliatorinis grandininis pjūklas MAKITA DUC356Z;4;408.49
088381868198;MLT100N_MAK;Makita;Medžio pjovimo staklės MAKITA MLT100N;4;1047.51
088381868075;LS0815FLN_MAK;Makita;Medžio pjovimo staklės su lazeriu MAKITA LS0815FLN;4;619.11
4030293174542;409324_FLE;FLEX;Glaisto šlifuoklis FLEX GE 5 R + TB-L;4;945.73
2004913849136;49138_DREB;Domas;Betono grąžtas DOMAS Zentro Max Ø35mm 920 mm;4;164.45
2004912649126;49126_DREB;Domas;Betono grąžtas DOMAS Zentro Max Ø28mm 920 mm;4;120.13
088381871303;DTW181Z_MAK;Makita;Akumuliatorinis smūginis veržliasukis MAKITA DTW181Z;4;157.83
088381645911;DP2011_MAK;Makita;Gręžtuvas MAKITA DP2011;4;133.13
4030293197152;447501_FLE;FLEX;Akumuliatorinis smūginis gręžtuvas FLEX PD 2G 18,0 EC;4;231.87
4030293212954;476102_FLE;FLEX;Elektroninis gulsčiukas FLEX ADL 60-P;4;159.79
4011160467516;46751_SCHWAB;AS-Schwabe;Profesionalus trikojis stovas AS-SCHWABE 1,4 - 4,0m;4;236.82
4011160463426;46342_SCHWAB;AS-Schwabe;Nešiojamas LED šviestuvas AS-SCHWABE Optiline 100W;4;152.75
088381876018;HG6531CK_MAK;Makita;Orapūtė MAKITA HG6531CK;4;208.45
088381518734;198769-9_MAK;Makita Accessories;Žoliapjovės priedas tiesiu kotu MAKITA EM404MP;4;208.32
4058546029050;4933459733_MIL;Milwaukee;Akumuliatorinis smūginis veržliasukis MILWAUKEE M18 ONEFHIWF1-802X;4;1124.51
7040055730289;73290_990-2XL_HH;Helly Hansen workwear;Žieminė striukė HELLY HANSEN Oxford, juoda 2XL;4;158.52
7040056104188;74140_990-M_HH;Helly Hansen workwear;Striukė HELLY HANSEN Chelsea Evolution, juoda M;4;153.75
7040056104171;74140_990-L_HH;Helly Hansen workwear;Striukė HELLY HANSEN Chelsea Evolution, juoda L;4;153.75
7040056104218;74140_990-XL_HH;Helly Hansen workwear;Striukė HELLY HANSEN Chelsea Evolution, juoda XL;4;153.75
7040056104140;74140_990-2XL_HH;Helly Hansen workwear;Striukė HELLY HANSEN Chelsea Evolution, juoda 2XL;4;153.75
7040056066509;74140_590-M_HH;Helly Hansen workwear;Striukė HELLY HANSEN Chelsea Evolution, mėlyna M;4;153.75
7040056066479;74140_590-L_HH;Helly Hansen workwear;Striukė HELLY HANSEN Chelsea Evolution, mėlyna L;4;153.75
7040056066592;74140_590-XL_HH;Helly Hansen workwear;Striukė HELLY HANSEN Chelsea Evolution, mėlyna XL;4;153.75
4966376327836;58010722_HiK;HiKOKI;Akumuliatorinė viniakalė HiKOKI NR1890DBCL;4;572.45
7040055871210;77441_590-C48_HH;Helly Hansen workwear;Kelnės HELLY HANSEN Chelsea Evolution Cons, tamsiai mėlynos C48;4;113.2
7040055871227;77441_590-C50_HH;Helly Hansen workwear;Kelnės HELLY HANSEN Chelsea Evolution Cons, tamsiai mėlynos C50;4;113.2
7040055871234;77441_590-C52_HH;Helly Hansen workwear;Kelnės HELLY HANSEN Chelsea Evolution Cons, tamsiai mėlynos C52;4;113.2
7040055871241;77441_590-C54_HH;Helly Hansen workwear;Kelnės HELLY HANSEN Chelsea Evolution Cons, tamsiai mėlynos C54;4;113.2
7040055871258;77441_590-C56_HH;Helly Hansen workwear;Kelnės HELLY HANSEN Chelsea Evolution Cons, tamsiai mėlynos C56;4;113.2
7040055871265;77441_590-C58_HH;Helly Hansen workwear;Kelnės HELLY HANSEN Chelsea Evolution Cons, tamsiai mėlynos C58;4;113.2
7040055871272;77441_590-C60_HH;Helly Hansen workwear;Kelnės HELLY HANSEN Chelsea Evolution Cons, tamsiai mėlynos C60;4;113.2
4030293205758;461768_FLE;FLEX;Akumuliatorinis perforatorius FLEX CHE 18,0-EC/5,0 Set;4;474.43
4030839348178;769752-43_ELT;ELTEN;Batai ELTEN Timothy GTX Mid S2 CI/ SRC, juodi 43;4;148.01
4030839348185;769752-44_ELT;ELTEN;Batai ELTEN Timothy GTX Mid S2 CI/ SRC, juodi 44;4;148.01
4030839348192;769752-45_ELT;ELTEN;Batai ELTEN Timothy GTX Mid S2 CI/ SRC, juodi 45;4;148.01
4030839348208;769752-46_ELT;ELTEN;Batai ELTEN Timothy GTX Mid S2 CI/ SRC, juodi 46;4;148.01
088381865241;DCS553Z_MAK;Makita;Akumuliatorinis pjūklas MAKITA DCS553Z;4;345.25
4007140378637;101084P_RUK;Ruko;Pakopinis grąžtas RUKO ULTIMATECUT HSS Ø6-27mm;4;113.38
4007220107461;22000019_PFE;Pferd;Šlifavimo diskas PFERD Alumaster HSD-R 115/125;4;790.85
4007220005118;22000002_PFE;Pferd;Frezavimo plokštelių rinkinys PFERD EF-WSP-F, 3vnt.;4;113.66
088381857345;HG6031VK_MAK;Makita;Orapūtė MAKITA HG6031VK;4;121.73
4966376277629;68102108_HiK;HiKOKI;Tiesinis šlifuoklis HiKOKI GP2S2;4;209.2
4007220098028;21152946_PFE;Pferd;Kietmetalio freza PFERD HM V 1612/6 EDGE R3,0 ECS;4;136.64
088381463522;197641-2_MAK;Makita Accessories;Akumuliatorių ir įkroviklio komplektas MAKITA PowerPack 10,8V 4,0Ah;4;220.3
088381854467;UR100DWAEX_MAK;Makita;Akumuliatorinė žoliapjovė MAKITA UR100DWAEX;4;191.15
4966376327867;58010723_HiK;HiKOKI;Akumuliatorinė viniakalė HiKOKI NR1890DBCL 5,0Ah;4;822.23
4030839254851;88781-41_ELT;ELTEN;Miškininko batai ELTEN Arborist GTX S3 CI 41;4;206.11
4030839254882;88781-44_ELT;ELTEN;Miškininko batai ELTEN Arborist GTX S3 CI 44;4;206.11
4030839254905;88781-46_ELT;ELTEN;Miškininko batai ELTEN Arborist GTX S3 CI 46;4;206.11
088381673709;DUH523RF_MAK;Makita;Akumuliatorinės gyvatvorių žirklės MAKITA DUH523RF;4;234.57
4549115156203;60020905_HiK;HiKOKI;Akumuliatorius HiKOKI Multi Volt BSL36A18;4;158.18
088381866842;DLM460Z_MAK;Makita;Akumuliatorinė vejapjovė MAKITA DLM460Z;4;558.42
088381858403;DUH751Z_MAK;Makita;Akumuliatorinės gyvatvorių žirklės MAKITA DUH751Z;4;391.42
4007140147998;101026RO_RUK;Ruko;3 pakopinių grąžtų rinkinys RUKO HSS Quick cut Ø4-30mm;4;174.16
088381869973;DVC261ZX11_MAK;Makita;Akumuliatorinis siurblys-kuprinė MAKITA DVC261ZX11;4;462.68
45242333943;48228200_MIL;Milwaukee;Kuprinė įrankiams MILWAUKEE;4;149.22
4058546224707;4933464525_MIl;Milwaukee;Akumuliatorinis gręžtuvas MILWAUKEE M18 ONEDD2-502X;4;627.75
088381866316;DDF485Z_MAK;Makita;Akumuliatorinis gręžtuvas MAKITA DDF485Z;4;133.53
7391390389121;199112162_cej;Cejn;Ritė su žarna orui CEJN Esafe 9,5x13,5mm 14m;4;272.24
088381866439;DDF485RTJ_MAK;Makita;Akumuliatorinis gręžtuvas MAKITA DDF485RTJ;4;416.73
4030293197282;447668_FLE;FLEX;Kampinis šlifuoklis su reguliuojamais sūkiais FLEX LBE 17-11 125;4;259.22
088381832724;DUC353Z_MAK;Makita;Akumuliatorinis grandininis pjūklas MAKITA DUC353Z;4;408.49
4005069191849;19184_STAB;Stabila;Sustiprintas gulsčiukas su magnetu STABILA 80 ASM 200 cm;4;122.28
4966376278602;68100002_HiK;HiKOKI;Orapūtė HiKOKI RH650V;4;120.42
4030293180437;417939_FLE;FLEX;Akumuliatorinis diskinis pjūklas medžiui FLEX CS 62 18,0 EC;4;251.28
4026189108425;LT40401_GOLZ;Golz;Deimantinis diskas betonui GOLZ LT40 400x25,4mm;4;211.89
4026189108401;LT40351_GOLZ;Golz;Deimantinis diskas betonui GOLZ LT40 350x25,4mm;4;166.14
4966376306206;68010608_HiK;HiKOKI;Akumuliatorinis tiesinis suktuvas HiKOKI DB3DL2;4;121.44
4966376288717;68101411_HiK;HiKOKI;Atskėlimo plaktukas HiKOKI H60MEY;4;1124.63
4966376285327;68101318_HiK;HiKOKI;Perforatorius HiKOKI DH52MEY;4;899.06
4030293209527;468029_FLE;FLEX;Perforatorius su keičiamu griebtuvu FLEX CHE 4-32 R SDS+;4;416.21
4030293205611;461490_FLE;FLEX;Trijų funkcijų perforatorius FLEX CHE 2-28 R SDS+;4;212.48
4030839226476;68461-42_ELT;ELTEN;Žieminiai batai ELTEN Joris GTX S3 SRC CI, juodi 42;4;150.79
4030839226483;68461-43_ELT;ELTEN;Žieminiai batai ELTEN Joris GTX S3 SRC CI, juodi 43;4;150.79
4030839226513;68461-46_ELT;ELTEN;Žieminiai batai ELTEN Joris GTX S3 SRC CI, juodi 46;4;150.79
4030839226490;68461-44_ELT;ELTEN;Žieminiai batai ELTEN Joris GTX S3 SRC CI, juodi 44;4;150.79
4030839226506;68461-45_ELT;ELTEN;Žieminiai batai ELTEN Joris GTX S3 SRC CI, juodi 45;4;150.79
088381533928;199137-9_MAK;Makita Accessories;Viela armatūros rišimui MAKITA DTR180 50 vnt.;4;282.24
4030293197268;447625_FLE;FLEX;Kampinis šlifuoklis FLEX LB 17-11;4;236.03
4030293204591;459690_FLE;FLEX;Akumuliatorinis smūginis suktuvas FLEX ID 1/4 18,0 EC;4;231.87
4058546222055;4932464260_MIL;Milwaukee;Akumuliatorius MILWAUKEE M18 HB12 12.0Ah;4;385.68
4030839204764;76531-41_ELT;ELTEN;Žieminiai batai ELTEN Joschi GTX ESD S3 SRC Cl, juodi 41;4;172.08
4030839204771;76531-42_ELT;ELTEN;Žieminiai batai ELTEN Joschi GTX ESD S3 SRC Cl, juodi 42;4;172.08
4030839204788;76531-43_ELT;ELTEN;Žieminiai batai ELTEN Joschi GTX ESD S3 SRC Cl, juodi 43;4;172.08
4030839204801;76531-45_ELT;ELTEN;Žieminiai batai ELTEN Joschi GTX ESD S3 SRC Cl, juodi 45;4;172.08
4030839347164;769701-41_ELT;ELTEN;Batai ELTEN Reaction XXT Mid S3 SRC, juodi 41;4;123.73
4030839347171;769701-42_ELT;ELTEN;Batai ELTEN Reaction XXT Mid S3 SRC, juodi 42;4;123.73
4030839347188;769701-43_ELT;ELTEN;Batai ELTEN Reaction XXT Mid S3 SRC, juodi 43;4;123.73
4030839347195;769701-44_ELT;ELTEN;Batai ELTEN Reaction XXT Mid S3 SRC, juodi 44;4;123.73
4030839347041;729701-42_ELT;ELTEN;Batai ELTEN Reaction XXT Low S3 SRC, juodi 42;4;120.24
4030839347058;729701-43_ELT;ELTEN;Batai ELTEN Reaction XXT Low S3 SRC, juodi 43;4;120.24
4030839347065;729701-44_ELT;ELTEN;Batai ELTEN Reaction XXT Low S3 SRC, juodi 44;4;120.24
4030839347072;729701-45_ELT;ELTEN;Batai ELTEN Reaction XXT Low S3 SRC, juodi 45;4;120.24
4030839347096;729701-47_ELT;ELTEN;Batai ELTEN Reaction XXT Low S3 SRC, juodi 47;4;120.24
4030839373439;729561-40_ELT;ELTEN;Batai ELTEN Maddox Black Red Low ESD S3 SRC, juodi/raudoni 40;4;113.41
4030839373446;729561-41_ELT;ELTEN;Batai ELTEN Maddox Black Red Low ESD S3 SRC, juodi/raudoni 41;4;113.41
4030839373453;729561-42_ELT;ELTEN;Batai ELTEN Maddox Black Red Low ESD S3 SRC, juodi/raudoni 42;4;113.41
4030839373460;729561-43_ELT;ELTEN;Batai ELTEN Maddox Black Red Low ESD S3 SRC, juodi/raudoni 43;4;113.41
4030839373477;729561-44_ELT;ELTEN;Batai ELTEN Maddox Black Red Low ESD S3 SRC, juodi/raudoni 44;4;113.41
4030839373484;729561-45_ELT;ELTEN;Batai ELTEN Maddox Black Red Low ESD S3 SRC, juodi/raudoni 45;4;113.41
4030839373491;729561-46_ELT;ELTEN;Batai ELTEN Maddox Black Red Low ESD S3 SRC, juodi/raudoni 46;4;113.41
7040055722598;71340_950-M_HH;Helly Hansen workwear;Striukė HELLY HANSEN Chelsea Evolution Winter, juoda M;4;235.93
7040055722581;71340_950-L_HH;Helly Hansen workwear;Striukė HELLY HANSEN Chelsea Evolution Winter, juoda L;4;235.93
045242520862;48005501_MIL;Milwaukee Accessories;Pjūklelis karbidiniais dantimis MILWAUKEE TCT Torch 150 5 vnt.;4;130.16
7040055731149;72158_590-M_HH;Helly Hansen workwear;Džemperis HELLY HANSEN Kensington Fleece, tamsiai mėlynas M;4;127.78
7040055682427;72158_930-M_HH;Helly Hansen workwear;Džemperis HELLY HANSEN Kensington Fleece, pilkas M;4;127.78
7040055682403;72158_930-L_HH;Helly Hansen workwear;Džemperis HELLY HANSEN Kensington Fleece, pilkas L;4;127.78
7040055682366;72158_930-2XL_HH;Helly Hansen workwear;Džemperis HELLY HANSEN Kensington Fleece, pilkas 2XL;4;127.78
7040055682496;72158_990-XL_HH;Helly Hansen workwear;Džemperis HELLY HANSEN Kensington Fleece, juodas XL;4;127.78
7040055682373;72158_990-2XL_HH;Helly Hansen workwear;Džemperis HELLY HANSEN Kensington Fleece, juodas 2XL;4;127.78
088381854627;LS1219L_MAK;Makita;Medžio pjovimo staklės MAKITA LS1219L;4;1295.12
4007220005101;22000001_PFE;Pferd;Frezavimo plokštelių rinkinys PFERD EF-WSP-R3, 3vnt.;4;122.55
088381864992;DCF102Z_MAK;Makita;Akumuliatorinis ventiliatorius MAKITA DCF102Z;4;116.35
088381857581;DUC254CZ_MAK;Makita;Akumuliatorinis grandininis pjūklas MAKITA DUC254CZ;4;374.35
0088381857543;DUC254Z_MAK;Makita;Akumuliatorinis grandininis pjūklas MAKITA DUC254Z;4;306.08
4058546028671;4933459695_MIL;Milwaukee;Akumuliatorinis smūginis veržliasukis MILWAUKEE M18 FHIWF12-0X;4;420
4004625468951;1000002360_ROT;Rothenberger;Degiklis ROTHENBERGER Rofire 4 Piezo + Multigas 300 Set;4;120.4
4058546223496;4933464404_MIL;Milwaukee;Akumuliatorinis kniediklis MILWAUKEE M12 BPRT-0;4;351.36
3165140560108;0601081000_bos;Bosch;Metalo ir medienos ieškiklis BOSCH GMS 120;4;122.08
4002395232505;4933368690_MIL;Milwaukee;Deimantinis gręžtuvas MILWAUKEE DD 2-160 XE;4;992.64
4058546029975;4933459825_MIL;Milwaukee;Akumuliatorinis lapų pūstuvas MILWAUKEE M18 FBL-0;4;270.07
088381850759;DUX60ZM4_MAK;Makita;Akumuliatorinis multi variklis MAKITA DUX60ZM4 su žoliapjovės priedu;4;510.9
0088381858137;DUR189Z_MAK;Makita;Akumuliatorinė žoliapjovė MAKITA DUR189Z;4;252.08
4002395287925;4933459217_MIL;Milwaukee;Akumuliatorių rinkinys MILWAUKEE M18 NRG-502 su priedu;4;444.39
4058546029920;4933459820_MIL;Milwaukee;Akumuliatorinis gręžtuvas-suktuvas MILWAUKEE M12 FDD-602X;4;369.42
4007220319369;25900010_PFE;Pferd;Gręžimo karūnų rinkinys Euro elektrikams PFERD LS-SO 13 E-2;4;132.63
4002395001903;4933441675_MIL;Milwaukee;Akumuliatorinis tepimo presas MILWAUKEE M12 GG-401B;4;396.51
4013288178336;135926_WER;Wera;Įrankių rinkinys WERA Kraftform Kompakt W 1;4;216.61
4005069189037;18903_STAB;Stabila;Elektroninis kampumatis su gulsčiuku STABILA TECH 700 DA 45 cm;4;215.82
4007140276322;116120L_RUK;Ruko;Pneumatinis šlifuoklis RUKO 115°;4;139.32
4009076026118;6026111_CARA;Caramba;Stabdžių diskų valiklis CARAMBA, 60L;4;284.57
4002829831557;PF1110_MAK;Makita;Elektrinis siurblys nešvariam vandeniui MAKITA PF1110;4;153.61
4030293181168;419087_FLE;FLEX  Accessories;Deimantinis šlifavimo lapelis FLEX DP 80 DRY D225;4;184.5
088381089173;DUC122Z_MAK;Makita;Akumuliatorinis grandininis pjūklas MAKITA DUC122Z;4;221.88
4011160464034;46403_SCHWAB;AS-Schwabe;30W LED šviestuvas su stovu AS-SCHWABE;4;142.9
4005069191115;19111_STAB;Stabila;Rotacinis lazerinis nivelyras STABILA LAR-350 su priedais;4;1717.07
4008158034447;GH40_BES;Bessey;Spaustuvai BESSEY GH40;4;116.64
088381829151;DLX6038T_MAK;Makita;Akumuliatorinių įrankių rinkinys MAKITA DLX6038T;4;1397.78
4058546028688;4933459696_MIL;Milwaukee;Akumuliatorinis smūginis veržliasukis MILWAUKEE M18 FHIWF12-502X;4;817.41
4058546029432;4933459771_MIL;Milwaukee;Akumuliatorinė orapūtė MILWAUKEE M18 BHG-0;4;194.2
7040055695465;77441_992-C48_HH;Helly Hansen workwear;Kelnės HELLY HANSEN Chelsea Evolution Cons, juodos C48;4;113.2
7040055695472;77441_992-C50_HH;Helly Hansen workwear;Kelnės HELLY HANSEN Chelsea Evolution Cons, juodos C50;4;113.2
7040055695489;77441_992-C52_HH;Helly Hansen workwear;Kelnės HELLY HANSEN Chelsea Evolution Cons, juodos C52;4;113.2
7040055695496;77441_992-C54_HH;Helly Hansen workwear;Kelnės HELLY HANSEN Chelsea Evolution Cons, juodos C54;4;113.2
7040055695502;77441_992-C56_HH;Helly Hansen workwear;Kelnės HELLY HANSEN Chelsea Evolution Cons, juodos C56;4;113.2
7040055695519;77441_992-C58_HH;Helly Hansen workwear;Kelnės HELLY HANSEN Chelsea Evolution Cons, juodos C58;4;113.2
7040055695526;77441_992-C60_HH;Helly Hansen workwear;Kelnės HELLY HANSEN Chelsea Evolution Cons, juodos C60;4;113.2
7040055695533;77441_992-C62_HH;Helly Hansen workwear;Kelnės HELLY HANSEN Chelsea Evolution Cons, juodos C62;4;113.2
7040055695540;77441_992-C64_HH;Helly Hansen workwear;Kelnės HELLY HANSEN Chelsea Evolution Cons, juodos C64;4;113.2
4030293197145;447498_FLE;FLEX;Akumuliatorinis gręžtuvas-suktuvas FLEX DD 2G 18,0 EC;4;231.87
7391390327192;199112082_cej;Cejn;Ritė su žarna suspaustam orui CEJN Esafe 8x12mm 10m;4;246.31
4006274231122;23112_PRO;PROXXON;65-ių dalių 3/8quot galvučių ir terkšlės rinkinys PROXXON;4;121.89
4002395158638;4932451395_MIL;Milwaukee;Akumuliatorius MILWAUKEE M12 B6 6,0Ah;4;154.45
088381075770;GB602W_MAK;Makita;Elektrinis galąstuvas MAKITA GB602W;4;231.58
088381813631;DHP482RTJ_MAK;Makita;Akumuliatorinis smūginis gręžtuvas MAKITA DHP482RTJ;4;406.27
4042146423172;917.0216_ks;KsTools;Raktų, terkšlių ir galvučių rinkinys KS TOOLS 1/4quot+3/8quot+1/2quot, 216 dalių;4;484.28
4042146693735;826.7215_ks;KsTools;Vežimėlis su 215vnt. įrankių KS TOOLS RACINGline, 7 stalčiai;4;1452.29
4042146056288;914.0008_ks;KsTools;Spaustuvai KS TOOLS Bench Vice 200mm 8quot;4;338.25
4011160464096;46409_SCHWAB;AS-Schwabe;2x30W LED šviestuvas su stovu AS-SCHWABE;4;211.69
4007220319352;25901300_PFE;Pferd;Gręžimo karūnų rinkinys inžinieriams PFERD LS-SO 13 M;4;113.7
088381677189;DVR850Z_MAK;Makita;Akumuliatorinis giluminis vibratorius MAKITA DVR850Z;4;599.49
088381848503;DHR171Z_MAK;Makita;Akumuliatorinis perforatorius MAKITA DHR171Z SDS+;4;210.06
4042146036181;517.0043_ks;KsTools;Kombinuotų veržliarakčių rinkinys KS TOOLS 6-32mm, 21vnt.;4;153.13
088381838047;DF012DSJ_MAK;Makita;Akumuliatorinis suktuvas MAKITA DF012DSJ;4;220.86
088381847728;DLX2220AJ_MAK;Makita;Akumuliatorinių įrankių komplektas MAKITA DLX2220AJ;4;411.9
4042146172421;515.0510_ks;KsTools;Ilgų smūginių galvučių 3/4quot rinkinys KS TOOLS, 8 vnt.;4;257.03
4030293190740;438308_FLE;FLEX;Akumuliatorinis smūginis veržliasukis FLEX IW 1/2quot 250Nm 18,0-EC;4;231.87
088381406277;B-23123_MAK;Makita Accessories;Pjovimo diskas MAKITA Inox 305x25,4x1,95mm 100T -5°;4;344.89
2006700670008;6700_DREB;Domas;Adapteris DREBO DreConnect 6700;4;208.08
5035048636787;DCK266P3-QW_DEW;DeWALT;Akumuliatorinių suktuvų rinkinys DeWALT DCK266P3;4;612.58
7040055117356;78224_992-43_HH;Helly Hansen workwear;Batai HELLY HANSEN Chelsea evolution low, juodi/oranž. 43;4;137.92
7040055117363;78224_992-44_HH;Helly Hansen workwear;Batai HELLY HANSEN Chelsea evolution low, juodi/oranž. 44;4;137.92
7040055117370;78224_992-45_HH;Helly Hansen workwear;Batai HELLY HANSEN Chelsea evolution low, juodi/oranž. 45;4;137.92
4008158040226;KREV200-2K_BES;Bessey;Korpusiniai spaustuvai BESSEY REVO KREV 2000x95mm;4;167.79
4008158040219;KREV150-2K_BES;Bessey;Korpusiniai spaustuvai BESSEY REVO KREV 1500x95mm;4;132.72
088381830270;DLX2190TJ1_MAK;Makita;Akumuliatorinių įrankių rinkinys MAKITA DLX2190TJ1;4;630.19
4042146471838;917.0779_ks;KsTools;Terkšlių ir galvučių rinkinys 1/4quot-3/8quot-1/2quot KS TOOLS 917.0779, 179-ių dalių;4;248.89
4003773025474;975206_KNI;Knipex;Antgalių presavimo replės KNIPEX 975206;4;154.84
4030293181144;419060_FLE;FLEX  Accessories;Deimantinis šlifavimo lapelis FLEX DP 30 DRY D225;4;184.5
088381476607;198253-4_MAK;Makita Accessories;Šaltkrepšis MAKITA Makpac Nr. 4 18L;4;205.8
4030293189133;436291_FLE;FLEX;Kampinis šlifuoklis FLEX LE 9-11 125;4;155.99
4026189202796;04978650450_GOLZ;Golz;Deimantinis diskas GOLZ LCA 65 Ø450x25,4mm;4;242.37
4026189002488;LCA65351_GOLZ;Golz;Deimantinis diskas GOLZ LCA 65 Ø350x25,4mm;4;166.14
4005069190330;19033_STAB;Stabila;Kryžminis lazerinis nivelyras STABILA LAX 300G;4;388.93
2004911149115;49111_DREB;Domas;Betono grąžtas DOMAS Zentro Max Ø20mm 1320 mm;4;167.96
088381813648;DDF482RTJ_MAK;Makita;Akumuliatorinis gręžtuvas MAKITA DDF482RTJ;4;398.93
088381085298;9565PC01_MAK;Makita;Kampinis šlifuoklis MAKITA 9565PC01;4;160.75
088381686204;DHR243RTJ_MAK;Makita;Akumuliatorinis perforatorius MAKITA DHR243RTJ;4;724.99
4007140078377;101090_RUK;Ruko;Pakopinis grąžtas RUKO HSS Ø6,5-40,5mm;4;134.38
0088381806121;DJR187Z_MAK;Makita;Akumuliatorinis tiesinis pjūklas MAKITA DJR187Z;4;270.37
2004912049124;49120_DREB;Domas;Betono grąžtas DOMAS Zentro Max Ø25mm 920 mm;4;114.41
2004912149121;49121_DREB;Domas;Betono grąžtas DOMAS Zentro Max Ø25mm 1320 mm;4;181
088381806190;DJR187RTE_MAK;Makita;Akumuliatorinis tiesinis pjūklas MAKITA DJR187RTE;4;597.13
4003773051893;975236_KNI;Knipex;Antgalių presavimo replės KNIPEX 975236;4;132.83
4004625411445;1000001840_ROT;Rothenberger;Akumuliatorinis presas ROTHENBERGER Romax 4000 Basic;4;2129.9
088381463195;197629-2_MAK;Makita Accessories;Akumuliatorių ir įkroviklio komplektas MAKITA 197629-2 PowerPack 18V 5,0Ah;4;398.98
2004914549141;49145_DREB;Domas;Betono grąžtas DOMAS Zentro Max Ø45mm 570 mm;4;202.24
2004914649148;49146_DREB;Domas;Betono grąžtas DOMAS Zentro Max Ø45mm 920 mm;4;239.13
2004910349103;49103_DREB;Domas;Betono grąžtas DOMAS Zentro Max Ø16mm 1320 mm;4;165.31
2007406740606;7406_DREB;Domas;Betono freza DOMAS VERSIO 150mm 68,0 mm;4;249.44
4030293135352;348899_FLE;FLEX  Accessories;Deimantinis šlifavimo diskas FLEX Turbo-Jet 125x22,2mm;4;143.77
088381692069;DHR202RTJ_MAK;Makita;Akumuliatorinis perforatorius MAKITA DHR202RTJ;4;556.14
4002395810581;4932451079_MIL;Milwaukee;Greitasis įkroviklis MILWAUKEE M12-18 FC;4;134.59
3165140584821;0601221100_bos;Bosch;Tiesinis šlifuoklis BOSCH GGS 28 LCE;4;472.86
088381826310;DDF484Z_MAK;Makita;Akumuliatorinis gręžtuvas MAKITA DDF484Z;4;167.81
4004625037140;072070X_ROT;Rothenberger;Valymo pompa ROTHENBERGER Ropump Super;4;192.19
088381823975;DTD153RTJ_MAK;Makita;Akumuliatorinis smūginis suktuvas MAKITA DTD153RTJ;4;494.46
088381826105;DHP484Z_MAK;Makita;Akumuliatorinis smūginis gręžtuvas MAKITA DHP484Z;4;192.02
088381826433;DDF484RTJ_MAK;Makita;Akumuliatorinis gręžtuvas MAKITA DDF484RTJ;4;472.4
088381803281;DCV200ZL_MAK;Makita;Akumuliatorinė šildanti liemenė MAKITA DCV200Z L;4;209.57
088381803298;DCV200ZXL_MAK;Makita;Akumuliatorinė šildanti liemenė MAKITA DCV200Z XL;4;209.54
088381824880;DDF083Z_MAK;Makita;Akumuliatorinis suktuvas MAKITA DDF083Z;4;135.35
4002395377268;4932430065_MIL;Milwaukee;Akumuliatorius MILWAUKEE M12 B4 4.0Ah;4;132.78
4002395381449;4932430483_MIL;Milwaukee;Akumuliatorius MILWAUKEE M18 B5 5.0Ah;4;212.25
4026189007131;LA75351_GOLZ;Golz;Deimantinis diskas asfaltui GOLZ LA75 350x25.4mm;4;166.14
088381684668;DGA504RTJ_MAK;Makita;Akumuliatorinis kampinis šlifuoklis MAKITA DGA504RTJ;4;634.39
088381467551;B-52059_MAK;Makita Accessories;SDS+ grąžtų ir kaltų rinkinys Makpac lagamine MAKITA;4;116.08
4011160464041;46404_SCHWAB;AS-Schwabe;30W LED šviestuvas su stovu lagamine AS-SCHWABE;4;228.14
4004625368848;1500000050_ROT;Rothenberger;Dujinis šildytuvas 12,0kW ROTHENBERGER Roturbo 12000;4;209.46
4007140289148;101352F_RUK;Ruko;Pakopinis grąžtas RUKO HSS TiAlN Ø4-30 mm, 14 pakopų;4;130.23
088381098069;9565CR_MAK;Makita;Kampinis šlifuoklis MAKITA 9565CR;4;171.85
4002395376179;4932352959_MIL;Milwaukee;Akumuliatorių įkroviklis MILWAUKEE M12-18 C;4;116.51
088381463164;197626-8_MAK;Makita Accessories;Akumuliatorių komplektas MAKITA Powerpack 18V 5,0Ah;4;634.45
2007030703008;7030_DREB;Domas;Gręžimo karūna su 1:8 vidiniu konusu DOMAS 80x100mm;4;141.84
2007026702602;7026_DREB;Domas;Gręžimo karūna su 1:8 vidiniu konusu DOMAS 68x100mm;4;132.35
4002395260874;4933451220_MIL;Milwaukee;Kampinis šlifuoklis  MILWAUKEE AG 10-125;4;179.75
4030293180543;418064_FLE;FLEX;Akumuliatorinis suktuvas-gręžtuvas FLEX DD 2G 10,8/4,0 SET;4;183.37
4002395369799;4932352320_MIL;Milwaukee Accessories;Suktuvo / gręžtuvo kampinis priedas MILWAUKEE OSD 2;4;127.36
4030293187177;433411_FLE;FLEX;Metalo poliravimo mašinėlė FLEX BSE 14-3 100;4;519.61
4011160126116;12611_SCHWAB;AS-Schwabe;Ištraukiamas ilgintuvas AS-SCHWABE H05VV-F 3G1,5 15m;4;129.61
4030293187023;432776_FLE;FLEX;Tiesinis pjūklas FLEX RS 11-28;4;183.47
088381667418;DTM51Z_MAK;Makita;Akumuliatorinis švytuoklinis įrankis MAKITA DTM51Z;4;178.01
088381807883;LW1400_MAK;Makita;Diskinis metalo pjūklas MAKITA LW1400;4;416.36
4007140369161;A214200RO_RUK;Ruko;170 dalių grąžtų rinkinys RUKO Terrax HSS;4;175.02
4030293184633;430005_FLE;FLEX;Akumuliatorinis perforatorius FLEX CHE 18.0-EC;4;260.98
4005069188177;18817_STAB;Stabila;Lazerinis atstumo matuoklis su Bluetooth STABILA LD250BT;4;134.72
088381687348;HR2630J_MAK;Makita;Perforatorius MAKITA HR2630J SDS-PLUS;4;214.8
088381803397;DTW1002Z_MAK;Makita;Akumuliatorinis smūginis veržliasukis MAKITA DTW1002Z;4;427.24
088381803212;DTW1001Z_MAK;Makita;Akumuliatorinis smūginis veržliasukis MAKITA DTW1001Z;4;447.2
088381699013;DDF482Z_MAK;Makita;Akumuliatorinis gręžtuvas MAKITA DDF482Z;4;112.65
088381337809;B-09765_MAK;Makita Accessories;Metalo pjovimo diskas 305x25,4x2,1mm 60T 0° MAKITA;4;172.51
4007140093837;116002_RUK;Ruko;10 dalių kietmetalių frezų rinkinys RUKO;4;179.2
4003773041474;975314_KNI;Knipex;Antgalių užspaudimo replės su savaiminiu susireguliavimu KNIPEX 975314;4;212.35
088381693110;DUB362Z_MAK;Makita;Akumuliatorinis pūstuvas MAKITA DUB362Z;4;306.08
7040053951020;74044_990-XL_HH;Helly Hansen workwear;Moteriška striukė HELLY HANSEN Manchester, juoda XL;4;127.27
7040057554210;71043_990-M_HH;Helly Hansen workwear;Striukė HELLY HANSEN Manchester Shell, juoda M;4;127.27
7040057554180;71043_990-L_HH;Helly Hansen workwear;Striukė HELLY HANSEN Manchester Shell, juoda L;4;127.27
7040057554272;71043_990-XL_HH;Helly Hansen workwear;Striukė HELLY HANSEN Manchester Shell, juoda XL;4;127.27
7040057554128;71043_990-2XL_HH;Helly Hansen workwear;Striukė HELLY HANSEN Manchester Shell, juoda 2XL;4;127.27
088381645928;HP2071FJ_MAK;Makita;Smūginis gręžtuvas MAKITA HP2071FJ;4;266.88
4005069183752;18375_STAB;Stabila;Gulsčiukas Stabila R300 183 cm;4;146.79
4005069183769;18376_STAB;Stabila;Gulsčiukas Stabila R300 244 cm;4;176.95
4030293142923;359378_FLE;FLEX  Accessories;Deimantinis šlifavimo diskas FLEX Thermo-Jet 125 mm;4;156.62
088381658584;DBO180Z_MAK;Makita;Akumuliatorinis ekscentrinis šlifuoklis MAKITA DBO180Z;4;135.45
4030293142916;359351_FLE;FLEX  Accessories;Kreipiančioji liniuotė GRS FLEX 1600 mm;4;138.84
088381422932;196285-5_MAK;Makita Accessories;PREMIUM vinys betonui 3,1x15 1000vnt. + dujų balionėlis MAKITA;4;120.56
4030293172814;406708_FLE;FLEX  Accessories;Antistatinė žarna 32x4m AS/NL FLEX;4;128.55
088381424318;DEAWST05_MAK;Makita;Stovas-vežimėlis medžio pjovimo staklėms MAKITA WST05;4;297.29
088381672153;DJN161Z_MAK;Makita;Akumuliatorinės žirklės skardai MAKITA DJN161Z;4;397.01
4007140358738;244208_RUK;Ruko;Vidinių sriegių remontinis rinkinys RUKO M5-M12;4;178.83
4005069176723;17672_STAB;Stabila;Elektroninis gulsčiukas IP65 196-2 STABILA 100 cm;4;241.58
088381639125;4350FCTJ_MAK;Makita;Siaurapjūklis MAKITA 4350FCTJ;4;265.82
4030293164307;391514_FLE;FLEX;Kampinis šlifuoklis FLEX L21-6 230;4;211.87
4005069183790;18379_STAB;Stabila;Lazerinis atstumo matuoklis STABILA LD320;4;123.84
7040057554340;71045_590-M_HH;Helly Hansen workwear;Striukė HELLY HANSEN Manchester, mėlyna M;4;135.71
7040057554326;71045_590-L_HH;Helly Hansen workwear;Striukė HELLY HANSEN Manchester, mėlyna L;4;135.71
7040057554388;71045_590-XL_HH;Helly Hansen workwear;Striukė HELLY HANSEN Manchester, mėlyna XL;4;135.71
7040057554289;71045_590-2XL_HH;Helly Hansen workwear;Striukė HELLY HANSEN Manchester, mėlyna 2XL;4;135.71
0088381654326;DHR242Z_MAK;Makita;Akumuliatorinis perforatorius MAKITA DHR242Z;4;308.9
4003773066750;7172460_KNI;Knipex;Varžtų kirpimo replės KNIPEX 7172460;4;123.59
4006274230408;23040_PRO;PROXXON;Galvučių rinkinys 1/4quot+1/2quot 56 dalių PROXXON;4;122.82
088381098076;9565CVR_MAK;Makita;Kampinis šlifuoklis MAKITA 9565CVR;4;188.51
4008158007281;SG30M_BES;Bessey;Spaustuvai BESSEY SGM 300 x 140 mm;4;117.71
4008158027067;SG40M_BES;Bessey;Spaustuvai BESSEY SGM 400 x 140 mm;4;132.65
4008158007328;SG50M_BES;Bessey;Spaustuvai BESSEY SGM 500 x 140 mm;4;147.58
4008158007342;SG60M_BES;Bessey;Spaustuvai BESSEY SGM 600 x 140 mm;4;155.36
4008158007366;SG80M_BES;Bessey;Spaustuvai BESSEY SGM 800 x 140 mm;4;170.17
4008158007182;SG125M_BES;Bessey;Spaustuvai BESSEY SGM 1250x140 mm;4;221.92
4013288164407;073290_WER;Wera;Terkšlinių veržliarakčių rinkinys WERA Joker SW-10-13-17-19;4;119.34
4030293172616;406546_FLE;FLEX;Šlifavimo mašina FLEX LE 14-7 Inox;4;318.4
4006274233546;23354_PRO;PROXXON;Dinamometrinis raktas MICRO-Click 320 S PROXXON;4;188.53
088381337724;B-09684_MAK;Makita Accessories;Pjovimo diskas aliuminiui 305x30x2,3mm MAKITA;4;124.5
4006274232945;23294_PRO;PROXXON;1/4quot+1/2quot 65 dalių colinių  galvučių rinkinys  PROXXON;4;198.05
088381351003;JM27000300_MAK;Makita;Stovas-vežimėlis WST03 išilginio pjovimo staklėms MLT100 MAKITA;4;375.44
4011160101328;10132_SCHWAB;AS-Schwabe;Ilgintuvas AS-SCHWABE H07RN-F 3G2,5 25m.;4;144.41
088381004633;DP4011_MAK;Makita;Gręžtuvas MAKITA DP4011;4;193.44
4004625520307;052030_ROT;Rothenberger;Vamzdžių žirklės ROTHENBERGER ROCUT 63 TC;4;166.21
4007140130396;126306_RUK;Ruko;Gręžimo karūnų rinkinys 19-64mm RUKO HSS Co8;4;124.85
088381654722;DHR243Z_MAK;Makita;Akumuliatorinis perforatorius MAKITA DHR243Z;4;373.81
088381874410;LS0714N_MAK;Makita;Medžio pjovimo staklės MAKITA LS0714;4;720.23
4006274233539;23353_PRO;PROXXON;Dinamometrinis raktas PROXXON MICRO-Click 200 S;4;151.94
088381677165;DVR450Z_MAK;Makita;Akumuliatorinis giluminis vibratorius MAKITA DVR450Z;4;409.08
088381677141;DVR350Z_MAK;Makita;Akumuliatorinis giluminis vibratorius MAKITA DVR350Z;4;386.87
4006274232907;23290_PRO;PROXXON;Galvučių rinkinys 1/4quot, TX ir HX 41 dalies PROXXON;4;125.15
4030293163195;390518_FLE;FLEX;Juostinis metalo pjūklas FLEX SBG 4910;4;531.45
4011160103339;10333_SCHWAB;AS-Schwabe;Ilgintuvas AS-SCHWABE H07RN-F 3G2,5 33m;4;178.14
4006274233515;23351_PRO;PROXXON;Dinamometrinis raktas PROXXON MICRO-Click 100 S;4;131.31
088381034579;GD0800C_MAK;Makita;Tiesinis šlifuoklis MAKITA GD0800C;4;339.08
4011160101458;10145_SCHWAB;AS-Schwabe;Ilgintuvas AS-SCHWABE H05VV-F 5G1,5 400V 20m;4;136.25
088381015448;JN1601_MAK;Makita;Elektrinės skardos žirklės MAKITA JN1601;4;386.87
088381036511;DP4003_MAK;Makita;Gręžtuvas MAKITA DP4003;4;261.7
088381660792;UC3551A_MAK;Makita;Grandininis pjūklas MAKITA UC3551A;4;224.07
4030293177130;413666_FLE;FLEX;Perforatorius FLEX CHE 2-28;4;190.2
4003773043935;9531250_KNI;Knipex;Terkšlinės kabelio žirklės 250mm KNIPEX 9531;4;268.63
4030293171657;405418_FLE;FLEX;Dulkių siurblys FLEX VC 21 L MC 20L;4;211.97
2004914049146;49140_DREB;Domas;Betono grąžtas DOMAS Zentro Max Ø38mm 570 mm;4;121.14
088381003230;9741_MAK;Makita;Šlifavimo (sendinimo) mašina MAKITA;4;532.5
088381335201;194367-7_MAK;Makita Accessories;Liniuotė MAKITA 194367-7 3000mm;4;221.76
4006274236509;23650_PRO;PROXXON;46 dalių universalus automobilių remonto įrankių rinkinys PROXXON;4;175.91
088381070515;GA9020SF01_MAK;Makita;Kampinis šlifuoklis MAKITA GA9020SF01;4;204.3
088381607308;BO5041_MAK;Makita;Ekscentrinis šlifuoklis MAKITA BO5041;4;156.09
4005069183271;18327_STAB;Stabila;Kryžminis lazerinis nivelyras LAX 300 STABILA;4;345.46
4007140035592;215215_RUK;Ruko;25 dalių metalo grąžtų rinkinys RUKO HSS-G Co5;4;145.79
4004625022665;052010_ROT;Rothenberger;Vamzdžių žirklės Ø50mm ROTHENBERGER ROCUT TC50;4;140.45
4007140026187;245010_RUK;Ruko;Sriegiklių ir sriegpjovių rinkinys RUKO HSS, 31 dalies;4;195.9
0088381792912;1911T4-0_MAK;Makita Accessories;Silikono pistoleto rinkinys 600ml talpoms MAKITA;4;146.79
4006274232860;23286_PRO;PROXXON;Galvučių rinkinys  65 dalių PROXXON;4;160.4
4011160103162;10316_SCHWAB;AS-Schwabe;Ilgintuvas su 3 lizdais AS-SCHWABE H05RR-F 3G1,5 50m;4;146.37
4007140055910;A215215_RUK;Ruko;25 dalių grąžtų rinkinys RUKO Terrax HSS Co;4;128.4
088381657884;UC3541A_MAK;Makita;Grandininis pjūklas MAKITA UC3541A;4;162.8
088381650939;DJV181Z_MAK;Makita;Akumuliatorinis siaurapjūklis MAKITA DJV181Z;4;320.1
088381349673;194621-9_MAK;Makita Accessories;Automobilinis įkroviklis MAKITA DC18SE 7,2-18V Li-Ion;4;118.82
088381635141;LD050P_MAK;Makita;Lazerinis atstumo matuoklis MAKITA LD050P;4;129.8
4002395239658;4933428127_MIL;Milwaukee;Kampinis šlifuoklis MILWAUKEE AGV 15-125 XE;4;320.64
088381643818;UD2500_MAK;Makita;Šakų smulkintuvas MAKITA UD2500;4;350.11
4026189007735;LT30351_GOLZ;Golz;Deimantinis diskas betonui Ø350mm GOLZ LT30;4;115.98
2007337733708;7337_DREB;Domas;Betono freza SDS max DOMAS 55*550 mm;4;224.1
4011160101588;10158_SCHWAB;AS-Schwabe;Ilgintuvas AS-SCHWABE H07RN-F 5G2,5 20m;4;175.28
4026189166982;D5405405132_GOLZ;Golz;Deimantinė gręžimo karūna GOLZ RM52 1 1/4quot UNC Ø132 mm;4;246.55
088381046947;DA3010F_MAK;Makita;Kampinis gręžtuvas MAKITA DA3010F;4;263.97
4005069185626;18562_STAB;Stabila;Lazerinis atstumo matuoklis STABILA LD520;4;516.06
4026189004468;D5205014028_GOLZ;Golz;Deimantinė gręžimo karūna GOLZ RS75 1/2quot BSP Ø 28,0 mm;4;128.99
088381369602;D-36005_MAK;Makita Accessories;Gręžimo karūnų komplektas medžiui 6vnt. MAKITA;4;242.94
4011160104121;10412_SCHWAB;AS-Schwabe;Ilgintuvas su 4 lizdais AS-SCHWABE H05RR-F 3G1,5 50m;4;134.34
4004625153918;015391X_ROT;Rothenberger;Presavimo lūpos ROTHENBERGER TH Compact TH 26;4;312.37
